"STATION","NAME","LATITUDE","LONGITUDE","ELEVATION","DATE","AWND","AWND_ATTRIBUTES","PGTM","PGTM_ATTRIBUTES","PRCP","PRCP_ATTRIBUTES","SNOW","SNOW_ATTRIBUTES","SNWD","SNWD_ATTRIBUTES","TMAX","TMAX_ATTRIBUTES","TMIN","TMIN_ATTRIBUTES","WDFG","WDFG_ATTRIBUTES","WSFG","WSFG_ATTRIBUTES","WT01","WT01_ATTRIBUTES","WT02","WT02_ATTRIBUTES","WT03","WT03_ATTRIBUTES","WT05","WT05_ATTRIBUTES","WT08","WT08_ATTRIBUTES","WT14","WT14_ATTRIBUTES","WT16","WT16_ATTRIBUTES"
"USW00023239","ALAMEDA NAS, CA US","37.78333","-122.31667","9.1","1996-01-01","3.80",",,X","   39",",,X","0.00",",,X","0.0",",,X","0.0",",,X","65",",,X","52",",,X","  350",",,X","23.0",",,X",,,,,,,,,,,,,,
"USW00023239","ALAMEDA NAS, CA US","37.78333","-122.31667","9.1","1996-01-02","3.36",",,X"," 1552",",,X","0.00",",,X","0.0",",,X","0.0",",,X","68",",,X","51",",,X","  340",",,X","10.3",",,X",,,,,,,,,,,,,,
"USW00023239","ALAMEDA NAS, CA US","37.78333","-122.31667","9.1","1996-01-03","5.82",",,X"," 2058",",,X","0.00",",,X","0.0",",,X","0.0",",,X","61",",,X","50",",,X","  280",",,X","16.1",",,X",,,,,,,,,,,,,,
"USW00023239","ALAMEDA NAS, CA US","37.78333","-122.31667","9.1","1996-01-04","3.13",",,X"," 1633",",,X","0.00",",,X","0.0",",,X","0.0",",,X","59",",,X","51",",,X","  290",",,X","12.8",",,X",,,,,,,,,,,,,,
"USW00023239","ALAMEDA NAS, CA US","37.78333","-122.31667","9.1","1996-01-05","3.36",",,X","  236",",,X","0.00",",,X","0.0",",,X","0.0",",,X","60",",,X","51",",,X","  130",",,X","18.3",",,X",,,,,,,,,,,,,,
"USW00023239","ALAMEDA NAS, CA US","37.78333","-122.31667","9.1","1996-01-06","3.36",",,X"," 2256",",,X","0.00",",,X","0.0",",,X","0.0",",,X","63",",,X","49",",,X","  330",",,X","11.4",",,X","    1",",,X",,,,,,,"    1",",,X",,,,
"USW00023239","ALAMEDA NAS, CA US","37.78333","-122.31667","9.1","1996-01-07","5.14",",,X"," 1303",",,X","0.00",",,X","0.0",",,X","0.0",",,X","58",",,X","48",",,X","  320",",,X","15.0",",,X","    1",",,X",,,,,,,"    1",",,X",,,,
"USW00023239","ALAMEDA NAS, CA US","37.78333","-122.31667","9.1","1996-01-08","2.46",",,X"," 1707",",,X","0.00","T,,X","0.0",",,X","0.0",",,X","53",",,X","48",",,X","  320",",,X","12.8",",,X","    1",",,X",,,,,,,"    1",",,X","    1",",,X",,
"USW00023239","ALAMEDA NAS, CA US","37.78333","-122.31667","9.1","1996-01-09","4.03",",,X"," 1136",",,X","0.02",",,X","0.0",",,X","0.0",",,X","59",",,X","50",",,X","  160",",,X","13.9",",,X","    1",",,X",,,,,,,"    1",",,X","    1",",,X","    1",",,X"
"USW00023239","ALAMEDA NAS, CA US","37.78333","-122.31667","9.1","1996-01-10","3.36",",,X"," 2244",",,X","0.00",",,X","0.0",",,X","0.0",",,X","69",",,X","49",",,X","  330",",,X","15.0",",,X",,,,,,,,,,,,,,
"USW00023239","ALAMEDA NAS, CA US","37.78333","-122.31667","9.1","1996-01-11","3.80",",,X"," 1746",",,X","0.00",",,X","0.0",",,X","0.0",",,X","66",",,X","52",",,X","   60",",,X","13.9",",,X",,,,,,,,,,,,,,
"USW00023239","ALAMEDA NAS, CA US","37.78333","-122.31667","9.1","1996-01-12","7.83",",,X"," 2001",",,X","0.00",",,X","0.0",",,X","0.0",",,X","58",",,X","47",",,X","  340",",,X","16.1",",,X","    1",",,X",,,,,,,"    1",",,X",,,,
"USW00023239","ALAMEDA NAS, CA US","37.78333","-122.31667","9.1","1996-01-13","5.14",",,X"," 1349",",,X","0.00",",,X","0.0",",,X","0.0",",,X","54",",,X","46",",,X","  310",",,X","15.0",",,X","    1",",,X",,,,,,,"    1",",,X",,,,
"USW00023239","ALAMEDA NAS, CA US","37.78333","-122.31667","9.1","1996-01-14","4.03",",,X"," 1512",",,X","0.00",",,X","0.0",",,X","0.0",",,X","51",",,X","46",",,X","  350",",,X","12.8",",,X","    1",",,X","    1",",,X",,,,,"    1",",,X",,,,
"USW00023239","ALAMEDA NAS, CA US","37.78333","-122.31667","9.1","1996-01-15","5.37",",,X","  630",",,X","0.19",",,X","0.0",",,X","0.0",",,X","58",",,X","50",",,X","  130",",,X","16.1",",,X","    1",",,X",,,,,,,"    1",",,X",,,"    1",",,X"
"USW00023239","ALAMEDA NAS, CA US","37.78333","-122.31667","9.1","1996-01-16","14.99",",,X","  948",",,X","1.29",",,X","0.0",",,X","0.0",",,X","62",",,X","53",",,X","  230",",,X","44.7",",,X","    1",",,X",,,,,,,"    1",",,X",,,"    1",",,X"
"USW00023239","ALAMEDA NAS, CA US","37.78333","-122.31667","9.1","1996-01-17","7.83",",,X","  128",",,X","0.00",",,X","0.0",",,X","0.0",",,X","60",",,X","49",",,X","  300",",,X","26.4",",,X",,,,,,,,,,,,,,
"USW00023239","ALAMEDA NAS, CA US","37.78333","-122.31667","9.1","1996-01-18","11.41",",,X"," 1142",",,X","0.34",",,X","0.0",",,X","0.0",",,X","60",",,X","52",",,X","  170",",,X","30.0",",,X","    1",",,X",,,,,,,"    1",",,X","    1",",,X","    1",",,X"
"USW00023239","ALAMEDA NAS, CA US","37.78333","-122.31667","9.1","1996-01-19","6.93",",,X"," 1505",",,X","0.08",",,X","0.0",",,X","0.0",",,X","61",",,X","50",",,X","  290",",,X","20.8",",,X",,,,,,,,,,,,,"    1",",,X"
"USW00023239","ALAMEDA NAS, CA US","37.78333","-122.31667","9.1","1996-01-20","8.50",",,X"," 2035",",,X","0.38",",,X","0.0",",,X","0.0",",,X","57",",,X","47",",,X","  180",",,X","26.4",",,X",,,,,,,,,,,,,"    1",",,X"
"USW00023239","ALAMEDA NAS, CA US","37.78333","-122.31667","9.1","1996-01-21","4.92",",,X"," 1734",",,X","0.26",",,X","0.0",",,X","0.0",",,X","59",",,X","48",",,X","  270",",,X","17.2",",,X",,,,,,,,,,,,,"    1",",,X"
"USW00023239","ALAMEDA NAS, CA US","37.78333","-122.31667","9.1","1996-01-22","9.40",",,X","  634",",,X","0.00",",,X","0.0",",,X","0.0",",,X","56",",,X","46",",,X","  340",",,X","28.9",",,X",,,,,,,,,,,,,,
"USW00023239","ALAMEDA NAS, CA US","37.78333","-122.31667","9.1","1996-01-23","8.72",",,X","  910",",,X","0.05",",,X","0.0",",,X","0.0",",,X","54",",,X","43",",,X","  140",",,X","18.3",",,X",,,,,,,,,,,,,"    1",",,X"
"USW00023239","ALAMEDA NAS, CA US","37.78333","-122.31667","9.1","1996-01-24","13.42",",,X"," 2107",",,X","0.79",",,X","0.0",",,X","0.0",",,X","58",",,X","51",",,X","  230",",,X","35.6",",,X","    1",",,X",,,,,,,,,,,"    1",",,X"
"USW00023239","ALAMEDA NAS, CA US","37.78333","-122.31667","9.1","1996-01-25","8.72",",,X","  157",",,X","0.00",",,X","0.0",",,X","0.0",",,X","58",",,X","47",",,X","  310",",,X","26.4",",,X",,,,,,,,,,,,,,
"USW00023239","ALAMEDA NAS, CA US","37.78333","-122.31667","9.1","1996-01-26","5.59",",,X"," 2358",",,X","0.00","T,,X","0.0",",,X","0.0",",,X","52",",,X","42",",,X","  130",",,X","23.0",",,X",,,,,,,,,,,,,"    1",",,X"
"USW00023239","ALAMEDA NAS, CA US","37.78333","-122.31667","9.1","1996-01-27","13.42",",,X","  728",",,X","0.69",",,X","0.0",",,X","0.0",",,X","61",",,X","51",",,X","  220",",,X","36.7",",,X",,,,,,,,,,,,,"    1",",,X"
"USW00023239","ALAMEDA NAS, CA US","37.78333","-122.31667","9.1","1996-01-28","4.25",",,X"," 1656",",,X","0.00",",,X","0.0",",,X","0.0",",,X","59",",,X","43",",,X","  290",",,X","12.8",",,X",,,,,,,,,,,,,,
"USW00023239","ALAMEDA NAS, CA US","37.78333","-122.31667","9.1","1996-01-29","4.25",",,X"," 1609",",,X","0.00","T,,X","0.0",",,X","0.0",",,X","55",",,X","46",",,X","  320",",,X","15.0",",,X",,,,,,,,,,,,,"    1",",,X"
"USW00023239","ALAMEDA NAS, CA US","37.78333","-122.31667","9.1","1996-01-30","3.80",",,X"," 1805",",,X","0.76",",,X","0.0",",,X","0.0",",,X","58",",,X","51",",,X","  110",",,X","15.0",",,X","    1",",,X",,,,,,,,,,,"    1",",,X"
"USW00023239","ALAMEDA NAS, CA US","37.78333","-122.31667","9.1","1996-01-31","6.26",",,X"," 1519",",,X","1.31",",,X","0.0",",,X","0.0",",,X","60",",,X","51",",,X","   70",",,X","24.2",",,X","    1",",,X",,,,,,,,,,,"    1",",,X"
"USW00023239","ALAMEDA NAS, CA US","37.78333","-122.31667","9.1","1996-02-01","5.59",",,X"," 1726",",,X","0.00",",,X","0.0",",,X","0.0",",,X","59",",,X","48",",,X","  270",",,X","19.5",",,X",,,,,,,,,,,,,,
"USW00023239","ALAMEDA NAS, CA US","37.78333","-122.31667","9.1","1996-02-02","3.58",",,X","   35",",,X","0.00","T,,X","0.0",",,X","0.0",",,X","61",",,X","53",",,X","  270",",,X","12.8",",,X",,,,,,,,,,,"    1",",,X",,
"USW00023239","ALAMEDA NAS, CA US","37.78333","-122.31667","9.1","1996-02-03","3.36",",,X"," 2357",",,X","0.40",",,X","0.0",",,X","0.0",",,X","59",",,X","53",",,X","  160",",,X","20.8",",,X","    1",",,X",,,,,,,,,,,"    1",",,X"
"USW00023239","ALAMEDA NAS, CA US","37.78333","-122.31667","9.1","1996-02-04","12.75",",,X"," 1317",",,X","1.81",",,X","0.0",",,X","0.0",",,X","62",",,X","57",",,X","  210",",,X","26.4",",,X","    1",",,X",,,,,,,,,,,"    1",",,X"
"USW00023239","ALAMEDA NAS, CA US","37.78333","-122.31667","9.1","1996-02-05","4.92",",,X","   40",",,X","0.00",",,X","0.0",",,X","0.0",",,X","68",",,X","56",",,X","  200",",,X","17.2",",,X","    1",",,X",,,,,,,,,,,,
"USW00023239","ALAMEDA NAS, CA US","37.78333","-122.31667","9.1","1996-02-06","3.13",",,X"," 2224",",,X","0.02",",,X","0.0",",,X","0.0",",,X","66",",,X","52",",,X","  310",",,X","12.8",",,X","    1",",,X","    1",",,X",,,,,"    1",",,X","    1",",,X",,
"USW00023239","ALAMEDA NAS, CA US","37.78333","-122.31667","9.1","1996-02-07","2.46",",,X"," 1537",",,X","0.00","T,,X","0.0",",,X","0.0",",,X","63",",,X","51",",,X","  340",",,X","9.2",",,X","    1",",,X","    1",",,X",,,,,,,"    1",",,X",,
"USW00023239","ALAMEDA NAS, CA US","37.78333","-122.31667","9.1","1996-02-08","4.03",",,X"," 1423",",,X","0.00",",,X","0.0",",,X","0.0",",,X","62",",,X","50",",,X","  310",",,X","13.9",",,X","    1",",,X",,,,,,,"    1",",,X",,,,
"USW00023239","ALAMEDA NAS, CA US","37.78333","-122.31667","9.1","1996-02-09","2.91",",,X"," 1506",",,X","0.00",",,X","0.0",",,X","0.0",",,X","64",",,X","54",",,X","  320",",,X","12.8",",,X","    1",",,X","    1",",,X",,,,,"    1",",,X",,,,
"USW00023239","ALAMEDA NAS, CA US","37.78333","-122.31667","9.1","1996-02-10","4.70",",,X"," 1313",",,X","0.00",",,X","0.0",",,X","0.0",",,X","67",",,X","55",",,X","  310",",,X","11.4",",,X",,,,,,,,,,,,,,
"USW00023239","ALAMEDA NAS, CA US","37.78333","-122.31667","9.1","1996-02-11","3.13",",,X"," 1519",",,X","0.00",",,X","0.0",",,X","0.0",",,X","72",",,X","53",",,X","  330",",,X","13.9",",,X","    1",",,X","    1",",,X",,,,,"    1",",,X",,,,
"USW00023239","ALAMEDA NAS, CA US","37.78333","-122.31667","9.1","1996-02-12","2.46",",,X"," 1708",",,X","0.00",",,X","0.0",",,X","0.0",",,X","75",",,X","53",",,X","  310",",,X","6.9",",,X",,,,,,,,,,,,,,
"USW00023239","ALAMEDA NAS, CA US","37.78333","-122.31667","9.1","1996-02-13","3.80",",,X"," 1618",",,X","0.00",",,X","0.0",",,X","0.0",",,X","72",",,X","54",",,X","  300",",,X","10.3",",,X",,,,,,,,,"    1",",,X",,,,
"USW00023239","ALAMEDA NAS, CA US","37.78333","-122.31667","9.1","1996-02-14","3.80",",,X"," 1355",",,X","0.00",",,X","0.0",",,X","0.0",",,X","70",",,X","53",",,X","  340",",,X","11.4",",,X","    1",",,X","    1",",,X",,,,,"    1",",,X",,,,
"USW00023239","ALAMEDA NAS, CA US","37.78333","-122.31667","9.1","1996-02-15","4.92",",,X"," 2230",",,X","0.45",",,X","0.0",",,X","0.0",",,X","62",",,X","54",",,X","  150",",,X","13.9",",,X","    1",",,X","    1",",,X",,,,,"    1",",,X",,,"    1",",,X"
"USW00023239","ALAMEDA NAS, CA US","37.78333","-122.31667","9.1","1996-02-16","4.47",",,X"," 2327",",,X","0.00","T,,X","0.0",",,X","0.0",",,X","71",",,X","58",",,X","  200",",,X","17.2",",,X",,,,,,,,,,,,,"    1",",,X"
"USW00023239","ALAMEDA NAS, CA US","37.78333","-122.31667","9.1","1996-02-17","7.61",",,X"," 1639",",,X","0.07",",,X","0.0",",,X","0.0",",,X","65",",,X","59",",,X","  210",",,X","16.1",",,X",,,,,,,,,,,,,"    1",",,X"
"USW00023239","ALAMEDA NAS, CA US","37.78333","-122.31667","9.1","1996-02-18","9.17",",,X"," 2047",",,X","0.27",",,X","0.0",",,X","0.0",",,X","63",",,X","56",",,X","  190",",,X","28.9",",,X",,,,,,,,,,,,,"    1",",,X"
"USW00023239","ALAMEDA NAS, CA US","37.78333","-122.31667","9.1","1996-02-19","10.96",",,X"," 1515",",,X","0.40",",,X","0.0",",,X","0.0",",,X","61",",,X","57",",,X","  200",",,X","30.0",",,X",,,,,,,,,,,,,"    1",",,X"
"USW00023239","ALAMEDA NAS, CA US","37.78333","-122.31667","9.1","1996-02-20","13.65",",,X"," 2343",",,X","0.47",",,X","0.0",",,X","0.0",",,X","63",",,X","56",",,X","  180",",,X","32.2",",,X",,,,,,,,,,,,,"    1",",,X"
"USW00023239","ALAMEDA NAS, CA US","37.78333","-122.31667","9.1","1996-02-21","12.97",",,X"," 1255",",,X","0.77",",,X","0.0","T,,X","0.0",",,X","58",",,X","45",",,X","  300",",,X","34.4",",,X",,,,,"    1",",,X","    1",",,X",,,,,"    1",",,X"
"USW00023239","ALAMEDA NAS, CA US","37.78333","-122.31667","9.1","1996-02-22","4.92",",,X","   10",",,X","0.10",",,X","0.0",",,X","0.0",",,X","57",",,X","44",",,X","  310",",,X","16.1",",,X",,,,,,,,,,,,,"    1",",,X"
"USW00023239","ALAMEDA NAS, CA US","37.78333","-122.31667","9.1","1996-02-23","6.71",",,X"," 2258",",,X","0.13",",,X","0.0",",,X","0.0",",,X","57",",,X","43",",,X","  320",",,X","28.9",",,X",,,,,,,,,,,,,"    1",",,X"
"USW00023239","ALAMEDA NAS, CA US","37.78333","-122.31667","9.1","1996-02-24","8.50",",,X"," 1750",",,X","0.06",",,X","0.0",",,X","0.0",",,X","53",",,X","42",",,X","  290",",,X","26.4",",,X",,,,,,,,,,,,,"    1",",,X"
"USW00023239","ALAMEDA NAS, CA US","37.78333","-122.31667","9.1","1996-02-25","5.14",",,X"," 1755",",,X","0.00",",,X","0.0",",,X","0.0",",,X","53",",,X","40",",,X","  310",",,X","19.5",",,X",,,,,"    1",",,X",,,,,,,,
"USW00023239","ALAMEDA NAS, CA US","37.78333","-122.31667","9.1","1996-02-26","4.47",",,X"," 1800",",,X","0.00",",,X","0.0",",,X","0.0",",,X","56",",,X","40",",,X","  280",",,X","19.5",",,X",,,,,,,,,,,,,,
"USW00023239","ALAMEDA NAS, CA US","37.78333","-122.31667","9.1","1996-02-27","6.49",",,X","  428",",,X","0.37",",,X","0.0",",,X","0.0",",,X","55",",,X","43",",,X","  140",",,X","26.4",",,X",,,,,"    1",",,X",,,,,,,"    1",",,X"
"USW00023239","ALAMEDA NAS, CA US","37.78333","-122.31667","9.1","1996-02-28","14.54",",,X"," 1136",",,X","0.26",",,X","0.0",",,X","0.0",",,X","55",",,X","47",",,X","  160",",,X","30.0",",,X",,,,,,,,,,,,,"    1",",,X"
"USW00023239","ALAMEDA NAS, CA US","37.78333","-122.31667","9.1","1996-02-29","7.61",",,X"," 1001",",,X","0.32",",,X","0.0",",,X","0.0",",,X","58",",,X","48",",,X","  130",",,X","24.2",",,X",,,,,,,,,,,,,"    1",",,X"
"USW00023239","ALAMEDA NAS, CA US","37.78333","-122.31667","9.1","1996-03-01","3.36",",,X"," 1711",",,X","0.04",",,X","0.0",",,X","0.0",",,X","65",",,X","52",",,X","  330",",,X","13.9",",,X",,,,,,,,,,,,,"    1",",,X"
"USW00023239","ALAMEDA NAS, CA US","37.78333","-122.31667","9.1","1996-03-02","3.36",",,X"," 1647",",,X","0.00",",,X","0.0",",,X","0.0",",,X","69",",,X","49",",,X","  310",",,X","12.8",",,X",,,,,,,,,,,,,,
"USW00023239","ALAMEDA NAS, CA US","37.78333","-122.31667","9.1","1996-03-03","2.91",",,X"," 2354",",,X","0.06",",,X","0.0",",,X","0.0",",,X","59",",,X","54",",,X","  210",",,X","13.9",",,X",,,,,,,,,"    1",",,X",,,"    1",",,X"
"USW00023239","ALAMEDA NAS, CA US","37.78333","-122.31667","9.1","1996-03-04","14.76",",,X"," 1815",",,X","0.80",",,X","0.0",",,X","0.0",",,X","60",",,X","54",",,X","  240",",,X","48.3",",,X",,,,,"    1",",,X",,,,,,,"    1",",,X"
"USW00023239","ALAMEDA NAS, CA US","37.78333","-122.31667","9.1","1996-03-05","10.29",",,X","  417",",,X","0.08",",,X","0.0",",,X","0.0",",,X","61",",,X","49",",,X","  280",",,X","28.9",",,X",,,,,,,,,,,,,"    1",",,X"
"USW00023239","ALAMEDA NAS, CA US","37.78333","-122.31667","9.1","1996-03-06","4.25",",,X","  856",",,X","0.00",",,X","0.0",",,X","0.0",",,X","63",",,X","45",",,X","  150",",,X","15.0",",,X",,,,,,,,,,,,,,
"USW00023239","ALAMEDA NAS, CA US","37.78333","-122.31667","9.1","1996-03-07","2.46",",,X"," 2040",",,X","0.00",",,X","0.0",",,X","0.0",",,X","73",",,X","55",",,X","   70",",,X","12.8",",,X",,,,,,,,,,,,,,
"USW00023239","ALAMEDA NAS, CA US","37.78333","-122.31667","9.1","1996-03-08","2.24",",,X"," 1832",",,X","0.00",",,X","0.0",",,X","0.0",",,X","70",",,X","54",",,X","  280",",,X","17.2",",,X",,,,,,,,,,,,,,
"USW00023239","ALAMEDA NAS, CA US","37.78333","-122.31667","9.1","1996-03-09","4.03",",,X"," 1448",",,X","0.00",",,X","0.0",",,X","0.0",",,X","72",",,X","55",",,X","  250",",,X","16.1",",,X",,,,,,,,,,,,,,
"USW00023239","ALAMEDA NAS, CA US","37.78333","-122.31667","9.1","1996-03-10","4.70",",,X"," 1047",",,X","0.19",",,X","0.0",",,X","0.0",",,X","63",",,X","55",",,X","  270",",,X","18.3",",,X","    1",",,X",,,,,,,,,,,"    1",",,X"
"USW00023239","ALAMEDA NAS, CA US","37.78333","-122.31667","9.1","1996-03-11","9.84",",,X"," 1001",",,X","0.32",",,X","0.0",",,X","0.0",",,X","64",",,X","56",",,X","  240",",,X","23.0",",,X",,,,,,,,,,,,,"    1",",,X"
"USW00023239","ALAMEDA NAS, CA US","37.78333","-122.31667","9.1","1996-03-12","10.74",",,X"," 1202",",,X","0.49",",,X","0.0",",,X","0.0",",,X","57",",,X","52",",,X","   10",",,X","28.9",",,X",,,,,,,,,,,,,"    1",",,X"
"USW00023239","ALAMEDA NAS, CA US","37.78333","-122.31667","9.1","1996-03-13","7.38",",,X"," 1348",",,X","0.00",",,X","0.0",",,X","0.0",",,X","71",",,X","48",",,X","   20",",,X","25.3",",,X",,,,,,,,,,,,,,
"USW00023239","ALAMEDA NAS, CA US","37.78333","-122.31667","9.1","1996-03-14","5.14",",,X"," 1707",",,X","0.00",",,X","0.0",",,X","0.0",",,X","71",",,X","52",",,X","  270",",,X","20.8",",,X",,,,,,,,,,,,,,
"USW00023239","ALAMEDA NAS, CA US","37.78333","-122.31667","9.1","1996-03-15","6.26",",,X"," 1504",",,X","0.00",",,X","0.0",",,X","0.0",",,X","67",",,X","55",",,X","  270",",,X","21.9",",,X",,,,,,,,,,,,,,
"USW00023239","ALAMEDA NAS, CA US","37.78333","-122.31667","9.1","1996-03-16","4.70",",,X"," 1706",",,X","0.00",",,X","0.0",",,X","0.0",",,X","70",",,X","55",",,X","  280",",,X","12.8",",,X",,,,,,,,,,,,,,
"USW00023239","ALAMEDA NAS, CA US","37.78333","-122.31667","9.1","1996-03-17","2.01",",,X"," 2319",",,X","0.00",",,X","0.0",",,X","0.0",",,X","77",",,X","53",",,X","   20",",,X","6.9",",,X",,,,,,,,,,,,,,
"USW00023239","ALAMEDA NAS, CA US","37.78333","-122.31667","9.1","1996-03-18","4.70",",,X"," 1626",",,X","0.00",",,X","0.0",",,X","0.0",",,X","76",",,X","56",",,X","  280",",,X","18.3",",,X",,,,,,,,,,,,,,
"USW00023239","ALAMEDA NAS, CA US","37.78333","-122.31667","9.1","1996-03-19","5.59",",,X"," 1519",",,X","0.00",",,X","0.0",",,X","0.0",",,X","70",",,X","54",",,X","  270",",,X","18.3",",,X",,,,,,,,,,,,,,
"USW00023239","ALAMEDA NAS, CA US","37.78333","-122.31667","9.1","1996-03-20","6.26",",,X"," 1632",",,X","0.00",",,X","0.0",",,X","0.0",",,X","70",",,X","52",",,X","  270",",,X","13.9",",,X",,,,,,,,,"    1",",,X",,,,
"USW00023239","ALAMEDA NAS, CA US","37.78333","-122.31667","9.1","1996-03-21","9.84",",,X"," 1704",",,X","0.00",",,X","0.0",",,X","0.0",",,X","63",",,X","52",",,X","  260",",,X","30.0",",,X","    1",",,X",,,,,,,"    1",",,X",,,,
"USW00023239","ALAMEDA NAS, CA US","37.78333","-122.31667","9.1","1996-03-22","14.54",",,X"," 1658",",,X","0.00","T,,X","0.0",",,X","0.0",",,X","59",",,X","51",",,X","  280",",,X","33.3",",,X",,,,,,,,,,,,,"    1",",,X"
"USW00023239","ALAMEDA NAS, CA US","37.78333","-122.31667","9.1","1996-03-23","9.62",",,X","  331",",,X","0.00",",,X","0.0",",,X","0.0",",,X","62",",,X","48",",,X","  330",",,X","24.2",",,X",,,,,,,,,,,,,,
"USW00023239","ALAMEDA NAS, CA US","37.78333","-122.31667","9.1","1996-03-24","9.40",",,X"," 2041",",,X","0.00",",,X","0.0",",,X","0.0",",,X","61",",,X","49",",,X","  260",",,X","21.9",",,X",,,,,,,,,,,,,,
"USW00023239","ALAMEDA NAS, CA US","37.78333","-122.31667","9.1","1996-03-25","9.84",",,X","  957",",,X","0.00",",,X","0.0",",,X","0.0",",,X","62",",,X","52",",,X","  290",",,X","26.4",",,X",,,,,,,,,,,,,,
"USW00023239","ALAMEDA NAS, CA US","37.78333","-122.31667","9.1","1996-03-26","6.26",",,X"," 1651",",,X","0.00",",,X","0.0",",,X","0.0",",,X","68",",,X","47",",,X","  270",",,X","20.8",",,X",,,,,,,,,,,,,,
"USW00023239","ALAMEDA NAS, CA US","37.78333","-122.31667","9.1","1996-03-27","6.93",",,X"," 1619",",,X","0.00","T,,X","0.0",",,X","0.0",",,X","68",",,X","53",",,X","  270",",,X","17.2",",,X",,,,,,,,,,,,,"    1",",,X"
"USW00023239","ALAMEDA NAS, CA US","37.78333","-122.31667","9.1","1996-03-28","13.20",",,X"," 1333",",,X","0.01",",,X","0.0",",,X","0.0",",,X","59",",,X","51",",,X","  270",",,X","27.5",",,X","    1",",,X",,,,,,,,,,,"    1",",,X"
"USW00023239","ALAMEDA NAS, CA US","37.78333","-122.31667","9.1","1996-03-29","7.61",",,X"," 1717",",,X","0.00",",,X","0.0",",,X","0.0",",,X","61",",,X","49",",,X","  270",",,X","19.5",",,X",,,,,,,,,,,,,,
"USW00023239","ALAMEDA NAS, CA US","37.78333","-122.31667","9.1","1996-03-30","5.14",",,X"," 1532",",,X","0.00",",,X","0.0",",,X","0.0",",,X","65",",,X","49",",,X","  290",",,X","15.0",",,X",,,,,,,,,,,,,,
"USW00023239","ALAMEDA NAS, CA US","37.78333","-122.31667","9.1","1996-03-31","7.83",",,X"," 1930",",,X","0.00",",,X","0.0",",,X","0.0",",,X","70",",,X","51",",,X","  180",",,X","25.3",",,X",,,,,,,,,,,,,,
"USW00023239","ALAMEDA NAS, CA US","37.78333","-122.31667","9.1","1996-04-01","11.63",",,X"," 1603",",,X","1.08",",,X","0.0",",,X","0.0",",,X","61",",,X","55",",,X","  280",",,X","26.4",",,X",,,,,,,,,,,,,"    1",",,X"
"USW00023239","ALAMEDA NAS, CA US","37.78333","-122.31667","9.1","1996-04-02","9.40",",,X"," 1728",",,X","0.00",",,X","0.0",",,X","0.0",",,X","64",",,X","52",",,X","  280",",,X","23.0",",,X",,,,,,,,,,,,,,
"USW00023239","ALAMEDA NAS, CA US","37.78333","-122.31667","9.1","1996-04-03","4.92",",,X"," 1631",",,X","0.00",",,X","0.0",",,X","0.0",",,X","65",",,X","49",",,X","  270",",,X","18.3",",,X",,,,,,,,,,,,,,
"USW00023239","ALAMEDA NAS, CA US","37.78333","-122.31667","9.1","1996-04-04","4.70",",,X"," 1555",",,X","0.00",",,X","0.0",",,X","0.0",",,X","72",",,X","52",",,X","  270",",,X","21.9",",,X",,,,,,,,,,,,,,
"USW00023239","ALAMEDA NAS, CA US","37.78333","-122.31667","9.1","1996-04-05","5.37",",,X"," 1648",",,X","0.00",",,X","0.0",",,X","0.0",",,X","72",",,X","54",",,X","  240",",,X","21.9",",,X",,,,,,,,,,,,,,
"USW00023239","ALAMEDA NAS, CA US","37.78333","-122.31667","9.1","1996-04-06","3.58",",,X"," 1545",",,X","0.00",",,X","0.0",",,X","0.0",",,X","76",",,X","55",",,X","  300",",,X","11.4",",,X",,,,,,,,,,,,,,
"USW00023239","ALAMEDA NAS, CA US","37.78333","-122.31667","9.1","1996-04-07","5.14",",,X"," 1645",",,X","0.00",",,X","0.0",",,X","0.0",",,X","74",",,X","54",",,X","  280",",,X","18.3",",,X",,,,,,,,,,,,,,
"USW00023239","ALAMEDA NAS, CA US","37.78333","-122.31667","9.1","1996-04-08","7.61",",,X"," 1426",",,X","0.00",",,X","0.0",",,X","0.0",",,X","64",",,X","54",",,X","  260",",,X","17.2",",,X",,,,,,,,,,,,,,
"USW00023239","ALAMEDA NAS, CA US","37.78333","-122.31667","9.1","1996-04-09","7.61",",,X"," 1929",",,X","0.00","T,,X","0.0",",,X","0.0",",,X","65",",,X","54",",,X","  280",",,X","21.9",",,X",,,,,,,,,,,,,"    1",",,X"
"USW00023239","ALAMEDA NAS, CA US","37.78333","-122.31667","9.1","1996-04-10","12.08",",,X"," 1529",",,X","0.00",",,X","0.0",",,X","0.0",",,X","64",",,X","52",",,X","  280",",,X","28.9",",,X",,,,,,,,,,,,,,
"USW00023239","ALAMEDA NAS, CA US","37.78333","-122.31667","9.1","1996-04-11","8.95",",,X"," 1807",",,X","0.00","T,,X","0.0",",,X","0.0",",,X","64",",,X","51",",,X","  270",",,X","26.4",",,X",,,,,,,,,,,,,"    1",",,X"
"USW00023239","ALAMEDA NAS, CA US","37.78333","-122.31667","9.1","1996-04-12","10.51",",,X"," 1521",",,X","0.00","T,,X","0.0",",,X","0.0",",,X","65",",,X","53",",,X","  270",",,X","21.9",",,X",,,,,,,,,,,,,"    1",",,X"
"USW00023239","ALAMEDA NAS, CA US","37.78333","-122.31667","9.1","1996-04-13","4.70",",,X"," 1509",",,X","0.00",",,X","0.0",",,X","0.0",",,X","69",",,X","51",",,X","  270",",,X","17.2",",,X",,,,,,,,,,,,,,
"USW00023239","ALAMEDA NAS, CA US","37.78333","-122.31667","9.1","1996-04-14","4.03",",,X"," 1440",",,X","0.00",",,X","0.0",",,X","0.0",",,X","75",",,X","52",",,X","  320",",,X","15.0",",,X",,,,,,,,,,,,,,
"USW00023239","ALAMEDA NAS, CA US","37.78333","-122.31667","9.1","1996-04-15","5.59",",,X"," 1004",",,X","0.04",",,X","0.0",",,X","0.0",",,X","64",",,X","58",",,X","  210",",,X","24.2",",,X","    1",",,X",,,,,,,,,,,"    1",",,X"
"USW00023239","ALAMEDA NAS, CA US","37.78333","-122.31667","9.1","1996-04-16","10.07",",,X","  323",",,X","0.03",",,X","0.0",",,X","0.0",",,X","65",",,X","54",",,X","  190",",,X","27.5",",,X",,,,,,,,,,,,,"    1",",,X"
"USW00023239","ALAMEDA NAS, CA US","37.78333","-122.31667","9.1","1996-04-17","9.40",",,X"," 1815",",,X","0.43",",,X","0.0",",,X","0.0",",,X","62",",,X","51",",,X","  270",",,X","26.4",",,X",,,,,,,,,,,,,"    1",",,X"
"USW00023239","ALAMEDA NAS, CA US","37.78333","-122.31667","9.1","1996-04-18","7.38",",,X"," 1724",",,X","0.02",",,X","0.0",",,X","0.0",",,X","63",",,X","49",",,X","  280",",,X","21.9",",,X",,,,,,,,,,,,,"    1",",,X"
"USW00023239","ALAMEDA NAS, CA US","37.78333","-122.31667","9.1","1996-04-19","7.61",",,X"," 1413",",,X","0.01",",,X","0.0",",,X","0.0",",,X","62",",,X","49",",,X","  230",",,X","28.9",",,X",,,,,,,,,,,,,"    1",",,X"
"USW00023239","ALAMEDA NAS, CA US","37.78333","-122.31667","9.1","1996-04-20","7.38",",,X"," 1750",",,X","0.00",",,X","0.0",",,X","0.0",",,X","61",",,X","50",",,X","  280",",,X","16.1",",,X",,,,,,,,,,,,,,
"USW00023239","ALAMEDA NAS, CA US","37.78333","-122.31667","9.1","1996-04-21","4.92",",,X"," 1454",",,X","0.00",",,X","0.0",",,X","0.0",",,X","67",",,X","50",",,X","  250",",,X","12.8",",,X",,,,,,,,,,,,,,
"USW00023239","ALAMEDA NAS, CA US","37.78333","-122.31667","9.1","1996-04-22","6.04",",,X"," 1629",",,X","0.00",",,X","0.0",",,X","0.0",",,X","68",",,X","56",",,X","  270",",,X","17.2",",,X",,,,,,,,,,,,,,
"USW00023239","ALAMEDA NAS, CA US","37.78333","-122.31667","9.1","1996-04-23","6.26",",,X"," 1448",",,X","0.00",",,X","0.0",",,X","0.0",",,X","70",",,X","55",",,X","  270",",,X","23.0",",,X",,,,,,,,,,,,,,
"USW00023239","ALAMEDA NAS, CA US","37.78333","-122.31667","9.1","1996-04-24","7.61",",,X"," 1758",",,X","0.08",",,X","0.0",",,X","0.0",",,X","70",",,X","59",",,X","  270",",,X","23.0",",,X",,,,,,,,,,,,,"    1",",,X"
"USW00023239","ALAMEDA NAS, CA US","37.78333","-122.31667","9.1","1996-04-25","5.82",",,X"," 1609",",,X","0.00",",,X","0.0",",,X","0.0",",,X","76",",,X","56",",,X","  270",",,X","15.0",",,X",,,,,,,,,,,,,,
"USW00023239","ALAMEDA NAS, CA US","37.78333","-122.31667","9.1","1996-04-26","6.93",",,X"," 1535",",,X","0.00",",,X","0.0",",,X","0.0",",,X","80",",,X","60",",,X","  270",",,X","17.2",",,X",,,,,,,,,,,,,,
"USW00023239","ALAMEDA NAS, CA US","37.78333","-122.31667","9.1","1996-04-27","8.05",",,X"," 1359",",,X","0.00",",,X","0.0",",,X","0.0",",,X","80",",,X","57",",,X","  350",",,X","19.5",",,X",,,,,,,,,,,,,,
"USW00023239","ALAMEDA NAS, CA US","37.78333","-122.31667","9.1","1996-04-28","8.28",",,X"," 1139",",,X","0.00",",,X","0.0",",,X","0.0",",,X","85",",,X","61",",,X","  360",",,X","23.0",",,X",,,,,,,,,,,,,,
"USW00023239","ALAMEDA NAS, CA US","37.78333","-122.31667","9.1","1996-04-29","4.03",",,X"," 1652",",,X","0.00",",,X","0.0",",,X","0.0",",,X","86",",,X","60",",,X","  280",",,X","17.2",",,X",,,,,,,,,,,,,,
"USW00023239","ALAMEDA NAS, CA US","37.78333","-122.31667","9.1","1996-04-30","3.80",",,X"," 1533",",,X","0.00",",,X","0.0",",,X","0.0",",,X","91",",,X","63",",,X","  310",",,X","16.1",",,X",,,,,,,,,,,,,,
"USW00023239","ALAMEDA NAS, CA US","37.78333","-122.31667","9.1","1996-05-01","3.80",",,X"," 1542",",,X","0.00",",,X","0.0",",,X","0.0",",,X","83",",,X","62",",,X","  260",",,X","15.0",",,X",,,,,,,,,,,,,,
"USW00023239","ALAMEDA NAS, CA US","37.78333","-122.31667","9.1","1996-05-02","7.61",",,X"," 1545",",,X","0.00",",,X","0.0",",,X","0.0",",,X","80",",,X","60",",,X","  270",",,X","21.9",",,X",,,,,,,,,,,,,,
"USW00023239","ALAMEDA NAS, CA US","37.78333","-122.31667","9.1","1996-05-03","6.93",",,X"," 1440",",,X","0.00",",,X","0.0",",,X","0.0",",,X","67",",,X","52",",,X","  230",",,X","19.5",",,X",,,,,,,,,,,,,,
"USW00023239","ALAMEDA NAS, CA US","37.78333","-122.31667","9.1","1996-05-04","7.83",",,X"," 2355",",,X","0.00",",,X","0.0",",,X","0.0",",,X","67",",,X","51",",,X","  280",",,X","16.1",",,X",,,,,,,,,,,,,,
"USW00023239","ALAMEDA NAS, CA US","37.78333","-122.31667","9.1","1996-05-05","9.62",",,X",,,"0.00",",,X","0.0",",,X","0.0",",,X","66",",,X","52",",,X",,,,,,,,,,,,,,,,,,
"USW00023239","ALAMEDA NAS, CA US","37.78333","-122.31667","9.1","1996-05-06","12.30",",,X"," 1755",",,X","0.00",",,X","0.0",",,X","0.0",",,X","63",",,X","52",",,X","  240",",,X","23.0",",,X",,,,,,,,,,,,,,
"USW00023239","ALAMEDA NAS, CA US","37.78333","-122.31667","9.1","1996-05-07","11.86",",,X"," 1755",",,X","0.00",",,X","0.0",",,X","0.0",",,X","64",",,X","53",",,X","  240",",,X","18.3",",,X",,,,,,,,,,,,,,
"USW00023239","ALAMEDA NAS, CA US","37.78333","-122.31667","9.1","1996-05-08","9.62",",,X"," 1843",",,X","0.00",",,X","0.0",",,X","0.0",",,X","64",",,X","52",",,X","  270",",,X","20.8",",,X",,,,,,,,,,,,,,
"USW00023239","ALAMEDA NAS, CA US","37.78333","-122.31667","9.1","1996-05-09","8.28",",,X"," 1530",",,X","0.00",",,X","0.0",",,X","0.0",",,X","66",",,X","50",",,X","  270",",,X","18.3",",,X",,,,,,,,,,,,,,
"USW00023239","ALAMEDA NAS, CA US","37.78333","-122.31667","9.1","1996-05-10","6.93",",,X"," 1621",",,X","0.00",",,X","0.0",",,X","0.0",",,X","71",",,X","51",",,X","  270",",,X","17.2",",,X",,,,,,,,,,,,,,
"USW00023239","ALAMEDA NAS, CA US","37.78333","-122.31667","9.1","1996-05-11","6.04",",,X"," 1452",",,X","0.00",",,X","0.0",",,X","0.0",",,X","85",",,X","57",",,X","  280",",,X","19.5",",,X",,,,,,,,,,,,,,
"USW00023239","ALAMEDA NAS, CA US","37.78333","-122.31667","9.1","1996-05-12","6.04",",,X"," 1605",",,X","0.00",",,X","0.0",",,X","0.0",",,X","78",",,X","58",",,X","  260",",,X","19.5",",,X",,,,,,,,,,,,,,
"USW00023239","ALAMEDA NAS, CA US","37.78333","-122.31667","9.1","1996-05-13","6.49",",,X"," 1734",",,X","0.00",",,X","0.0",",,X","0.0",",,X","73",",,X","56",",,X","  270",",,X","25.3",",,X",,,,,,,,,,,,,,
"USW00023239","ALAMEDA NAS, CA US","37.78333","-122.31667","9.1","1996-05-14","5.59",",,X"," 1912",",,X","0.00","T,,X","0.0",",,X","0.0",",,X","72",",,X","58",",,X","  260",",,X","16.1",",,X","    1",",,X",,,,,,,,,"    1",",,X",,
"USW00023239","ALAMEDA NAS, CA US","37.78333","-122.31667","9.1","1996-05-15","6.04",",,X"," 2050",",,X","1.79",",,X","0.0",",,X","0.0",",,X","66",",,X","61",",,X","  190",",,X","27.5",",,X","    1",",,X",,,,,,,,,,,"    1",",,X"
"USW00023239","ALAMEDA NAS, CA US","37.78333","-122.31667","9.1","1996-05-16","11.41",",,X","  951",",,X","0.26",",,X","0.0",",,X","0.0",",,X","67",",,X","61",",,X","  200",",,X","21.9",",,X",,,,,,,,,,,"    1",",,X","    1",",,X"
"USW00023239","ALAMEDA NAS, CA US","37.78333","-122.31667","9.1","1996-05-17","13.42",",,X"," 1710",",,X","0.22",",,X","0.0",",,X","0.0",",,X","66",",,X","61",",,X","  180",",,X","30.0",",,X",,,,,,,,,,,,,"    1",",,X"
"USW00023239","ALAMEDA NAS, CA US","37.78333","-122.31667","9.1","1996-05-18","8.72",",,X"," 1142",",,X","0.00",",,X","0.0",",,X","0.0",",,X","67",",,X","57",",,X","  260",",,X","17.2",",,X","    1",",,X",,,,,,,,,,,,
"USW00023239","ALAMEDA NAS, CA US","37.78333","-122.31667","9.1","1996-05-19","7.61",",,X"," 1458",",,X","0.00",",,X","0.0",",,X","0.0",",,X","68",",,X","55",",,X","  280",",,X","20.8",",,X",,,,,,,,,,,,,,
"USW00023239","ALAMEDA NAS, CA US","37.78333","-122.31667","9.1","1996-05-20","9.40",",,X"," 1635",",,X","0.00",",,X","0.0",",,X","0.0",",,X","68",",,X","55",",,X","  280",",,X","25.3",",,X",,,,,,,,,,,,,,
"USW00023239","ALAMEDA NAS, CA US","37.78333","-122.31667","9.1","1996-05-21","10.74",",,X"," 1207",",,X","0.27",",,X","0.0",",,X","0.0",",,X","68",",,X","56",",,X","  210",",,X","25.3",",,X","    1",",,X",,,,,,,,,,,"    1",",,X"
"USW00023239","ALAMEDA NAS, CA US","37.78333","-122.31667","9.1","1996-05-22","9.17",",,X"," 1542",",,X","0.00",",,X","0.0",",,X","0.0",",,X","69",",,X","55",",,X","  270",",,X","20.8",",,X",,,,,,,,,,,,,,
"USW00023239","ALAMEDA NAS, CA US","37.78333","-122.31667","9.1","1996-05-23","7.38",",,X"," 1428",",,X","0.00",",,X","0.0",",,X","0.0",",,X","70",",,X","54",",,X","  260",",,X","21.9",",,X",,,,,,,,,,,,,,
"USW00023239","ALAMEDA NAS, CA US","37.78333","-122.31667","9.1","1996-05-24","13.42",",,X","  803",",,X","0.00",",,X","0.0",",,X","0.0",",,X","79",",,X","62",",,X","  360",",,X","32.2",",,X",,,,,,,,,,,,,,
"USW00023239","ALAMEDA NAS, CA US","37.78333","-122.31667","9.1","1996-05-25","12.08",",,X","  844",",,X","0.00",",,X","0.0",",,X","0.0",",,X","84",",,X","57",",,X","  350",",,X","26.4",",,X",,,,,,,,,,,,,,
"USW00023239","ALAMEDA NAS, CA US","37.78333","-122.31667","9.1","1996-05-26","14.09",",,X"," 2036",",,X","0.00","T,,X","0.0",",,X","0.0",",,X","60",",,X","54",",,X","  260",",,X","27.5",",,X","    1",",,X",,,,,,,,,,,"    1",",,X"
"USW00023239","ALAMEDA NAS, CA US","37.78333","-122.31667","9.1","1996-05-27","7.83",",,X"," 2334",",,X","0.00",",,X","0.0",",,X","0.0",",,X","67",",,X","53",",,X","  270",",,X","28.9",",,X",,,,,,,,,,,,,,
"USW00023239","ALAMEDA NAS, CA US","37.78333","-122.31667","9.1","1996-05-28","7.83",",,X"," 1135",",,X","0.00",",,X","0.0",",,X","0.0",",,X","64",",,X","52",",,X","  230",",,X","18.3",",,X",,,,,,,,,,,,,,
"USW00023239","ALAMEDA NAS, CA US","37.78333","-122.31667","9.1","1996-05-29","8.95",",,X"," 1345",",,X","0.00",",,X","0.0",",,X","0.0",",,X","64",",,X","52",",,X","  240",",,X","18.3",",,X",,,,,,,,,,,,,,
"USW00023239","ALAMEDA NAS, CA US","37.78333","-122.31667","9.1","1996-05-30","9.62",",,X"," 1825",",,X","0.00",",,X","0.0",",,X","0.0",",,X","67",",,X","53",",,X","  280",",,X","24.2",",,X",,,,,,,,,,,,,,
"USW00023239","ALAMEDA NAS, CA US","37.78333","-122.31667","9.1","1996-05-31","6.93",",,X"," 1705",",,X","0.00",",,X","0.0",",,X","0.0",",,X","70",",,X","52",",,X","  270",",,X","20.8",",,X",,,,,,,,,,,,,,
"USW00023239","ALAMEDA NAS, CA US","37.78333","-122.31667","9.1","1996-06-01","4.70",",,X"," 1458",",,X","0.00",",,X","0.0",",,X","0.0",",,X","81",",,X","55",",,X","  280",",,X","19.5",",,X",,,,,,,,,,,,,,
"USW00023239","ALAMEDA NAS, CA US","37.78333","-122.31667","9.1","1996-06-02","4.25",",,X"," 1523",",,X","0.00",",,X","0.0",",,X","0.0",",,X","90",",,X","60",",,X","  310",",,X","17.2",",,X",,,,,,,,,,,,,,
"USW00023239","ALAMEDA NAS, CA US","37.78333","-122.31667","9.1","1996-06-03","5.59",",,X"," 1821",",,X","0.00",",,X","0.0",",,X","0.0",",,X","80",",,X","60",",,X","  280",",,X","15.0",",,X",,,,,,,,,,,,,,
"USW00023239","ALAMEDA NAS, CA US","37.78333","-122.31667","9.1","1996-06-04","7.61",",,X"," 1651",",,X","0.00",",,X","0.0",",,X","0.0",",,X","69",",,X","55",",,X","  250",",,X","17.2",",,X",,,,,,,,,,,,,,
"USW00023239","ALAMEDA NAS, CA US","37.78333","-122.31667","9.1","1996-06-05","5.59",",,X"," 1901",",,X","0.00",",,X","0.0",",,X","0.0",",,X","84",",,X","55",",,X","  270",",,X","18.3",",,X",,,,,,,,,,,,,,
"USW00023239","ALAMEDA NAS, CA US","37.78333","-122.31667","9.1","1996-06-06","6.93",",,X"," 2252",",,X","0.00",",,X","0.0",",,X","0.0",",,X","77",",,X","54",",,X","  250",",,X","17.2",",,X",,,,,,,,,,,,,,
"USW00023239","ALAMEDA NAS, CA US","37.78333","-122.31667","9.1","1996-06-07","9.62",",,X","   23",",,X","0.00",",,X","0.0",",,X","0.0",",,X","67",",,X","56",",,X","  260",",,X","19.5",",,X",,,,,,,,,,,,,,
"USW00023239","ALAMEDA NAS, CA US","37.78333","-122.31667","9.1","1996-06-08","8.50",",,X","  142",",,X","0.00",",,X","0.0",",,X","0.0",",,X","71",",,X","54",",,X","  250",",,X","17.2",",,X",,,,,,,,,,,,,,
"USW00023239","ALAMEDA NAS, CA US","37.78333","-122.31667","9.1","1996-06-09","7.38",",,X"," 1602",",,X","0.00",",,X","0.0",",,X","0.0",",,X","73",",,X","55",",,X","  280",",,X","19.5",",,X",,,,,,,,,,,,,,
"USW00023239","ALAMEDA NAS, CA US","37.78333","-122.31667","9.1","1996-06-10","8.05",",,X"," 1605",",,X","0.00",",,X","0.0",",,X","0.0",",,X","70",",,X","54",",,X","  270",",,X","23.0",",,X",,,,,,,,,,,,,,
"USW00023239","ALAMEDA NAS, CA US","37.78333","-122.31667","9.1","1996-06-11","7.38",",,X"," 1449",",,X","0.00",",,X","0.0",",,X","0.0",",,X","73",",,X","53",",,X","  280",",,X","18.3",",,X",,,,,,,,,"    1",",,X",,,,
"USW00023239","ALAMEDA NAS, CA US","37.78333","-122.31667","9.1","1996-06-12","10.07",",,X"," 1415",",,X","0.00",",,X","0.0",",,X","0.0",",,X","63",",,X","54",",,X","  230",",,X","21.9",",,X",,,,,,,,,,,,,,
"USW00023239","ALAMEDA NAS, CA US","37.78333","-122.31667","9.1","1996-06-13","8.72",",,X"," 2358",",,X","0.00",",,X","0.0",",,X","0.0",",,X","65",",,X","54",",,X","  200",",,X","20.8",",,X",,,,,,,,,,,,,,
"USW00023239","ALAMEDA NAS, CA US","37.78333","-122.31667","9.1","1996-06-14","9.62",",,X"," 2225",",,X","0.00",",,X","0.0",",,X","0.0",",,X","66",",,X","54",",,X","  210",",,X","20.8",",,X",,,,,,,,,"    1",",,X",,,,
"USW00023239","ALAMEDA NAS, CA US","37.78333","-122.31667","9.1","1996-06-15","10.51",",,X","  916",",,X","0.00",",,X","0.0",",,X","0.0",",,X","63",",,X","53",",,X","  150",",,X","20.8",",,X","    1",",,X",,,,,,,"    1",",,X",,,,
"USW00023239","ALAMEDA NAS, CA US","37.78333","-122.31667","9.1","1996-06-16","9.62",",,X"," 1608",",,X","0.00","T,,X","0.0",",,X","0.0",",,X","59",",,X","53",",,X","  240",",,X","26.4",",,X",,,,,,,,,,,"    1",",,X",,
"USW00023239","ALAMEDA NAS, CA US","37.78333","-122.31667","9.1","1996-06-17","5.59",",,X","   12",",,X","0.00",",,X","0.0",",,X","0.0",",,X","73",",,X","52",",,X","  190",",,X","18.3",",,X",,,,,,,,,,,,,,
"USW00023239","ALAMEDA NAS, CA US","37.78333","-122.31667","9.1","1996-06-18","6.49",",,X"," 1629",",,X","0.00",",,X","0.0",",,X","0.0",",,X","74",",,X","54",",,X","  270",",,X","17.2",",,X",,,,,,,,,,,,,,
"USW00023239","ALAMEDA NAS, CA US","37.78333","-122.31667","9.1","1996-06-19","8.72",",,X"," 1605",",,X","0.00",",,X","0.0",",,X","0.0",",,X","73",",,X","55",",,X","  260",",,X","24.2",",,X",,,,,,,,,,,,,,
"USW00023239","ALAMEDA NAS, CA US","37.78333","-122.31667","9.1","1996-06-20","11.41",",,X","  702",",,X","0.00",",,X","0.0",",,X","0.0",",,X","64",",,X","54",",,X","  230",",,X","24.2",",,X",,,,,,,,,,,,,,
"USW00023239","ALAMEDA NAS, CA US","37.78333","-122.31667","9.1","1996-06-21","8.95",",,X"," 1857",",,X","0.00",",,X","0.0",",,X","0.0",",,X","65",",,X","53",",,X","  200",",,X","17.2",",,X",,,,,,,,,,,,,,
"USW00023239","ALAMEDA NAS, CA US","37.78333","-122.31667","9.1","1996-06-22","6.93",",,X"," 1555",",,X","0.00",",,X","0.0",",,X","0.0",",,X","71",",,X","53",",,X","  250",",,X","17.2",",,X",,,,,,,,,,,,,,
"USW00023239","ALAMEDA NAS, CA US","37.78333","-122.31667","9.1","1996-06-23","8.50",",,X"," 1401",",,X","0.00",",,X","0.0",",,X","0.0",",,X","73",",,X","56",",,X","  250",",,X","27.5",",,X",,,,,,,,,,,,,,
"USW00023239","ALAMEDA NAS, CA US","37.78333","-122.31667","9.1","1996-06-24","16.11",",,X"," 1610",",,X","0.00",",,X","0.0",",,X","0.0",",,X","66",",,X","56",",,X","  250",",,X","28.9",",,X",,,,,,,,,,,,,,
"USW00023239","ALAMEDA NAS, CA US","37.78333","-122.31667","9.1","1996-06-25","9.17",",,X"," 2312",",,X","0.00",",,X","0.0",",,X","0.0",",,X","67",",,X","55",",,X","  250",",,X","20.8",",,X",,,,,,,,,,,,,,
"USW00023239","ALAMEDA NAS, CA US","37.78333","-122.31667","9.1","1996-06-26","8.05",",,X"," 1223",",,X","0.01",",,X","0.0",",,X","0.0",",,X","64",",,X","55",",,X","  230",",,X","18.3",",,X",,,,,,,,,,,"    1",",,X","    1",",,X"
"USW00023239","ALAMEDA NAS, CA US","37.78333","-122.31667","9.1","1996-06-27","7.83",",,X"," 1714",",,X","0.00",",,X","0.0",",,X","0.0",",,X","70",",,X","57",",,X","  250",",,X","20.8",",,X",,,,,,,,,,,,,,
"USW00023239","ALAMEDA NAS, CA US","37.78333","-122.31667","9.1","1996-06-28","6.49",",,X"," 1608",",,X","0.00",",,X","0.0",",,X","0.0",",,X","75",",,X","56",",,X","  260",",,X","21.9",",,X",,,,,,,,,,,,,,
"USW00023239","ALAMEDA NAS, CA US","37.78333","-122.31667","9.1","1996-06-29","5.14",",,X"," 1715",",,X","0.00",",,X","0.0",",,X","0.0",",,X","83",",,X","60",",,X","  250",",,X","19.5",",,X",,,,,,,,,,,,,,
"USW00023239","ALAMEDA NAS, CA US","37.78333","-122.31667","9.1","1996-06-30","4.03",",,X"," 1518",",,X","0.00",",,X","0.0",",,X","0.0",",,X","93",",,X","61",",,X","  260",",,X","17.2",",,X",,,,,,,,,,,,,,
"USW00023239","ALAMEDA NAS, CA US","37.78333","-122.31667","9.1","1996-07-01","6.04",",,X"," 1545",",,X","0.00",",,X","0.0",",,X","0.0",",,X","85",",,X","57",",,X","  300",",,X","16.1",",,X",,,,,,,,,,,,,,
"USW00023239","ALAMEDA NAS, CA US","37.78333","-122.31667","9.1","1996-07-02","9.17",",,X"," 1718",",,X","0.00",",,X","0.0",",,X","0.0",",,X","67",",,X","55",",,X","  260",",,X","21.9",",,X","    1",",,X",,,,,,,,,,,,
"USW00023239","ALAMEDA NAS, CA US","37.78333","-122.31667","9.1","1996-07-03","9.17",",,X"," 1717",",,X","0.00",",,X","0.0",",,X","0.0",",,X","70",",,X","57",",,X","  240",",,X","19.5",",,X",,,,,,,,,,,,,,
"USW00023239","ALAMEDA NAS, CA US","37.78333","-122.31667","9.1","1996-07-04","7.61",",,X"," 1626",",,X","0.00","T,,X","0.0",",,X","0.0",",,X","70",",,X","55",",,X","  240",",,X","16.1",",,X","    1",",,X",,,,,,,,,"    1",",,X",,
"USW00023239","ALAMEDA NAS, CA US","37.78333","-122.31667","9.1","1996-07-05","8.50",",,X"," 1754",",,X","0.00",",,X","0.0",",,X","0.0",",,X","77",",,X","55",",,X","  260",",,X","19.5",",,X",,,,,,,,,,,,,,
"USW00023239","ALAMEDA NAS, CA US","37.78333","-122.31667","9.1","1996-07-06","6.49",",,X"," 1744",",,X","0.00",",,X","0.0",",,X","0.0",",,X","75",",,X","57",",,X","  230",",,X","15.0",",,X",,,,,,,,,,,,,,
"USW00023239","ALAMEDA NAS, CA US","37.78333","-122.31667","9.1","1996-07-07","11.63",",,X"," 2054",",,X","0.00",",,X","0.0",",,X","0.0",",,X","68",",,X","57",",,X","  250",",,X","21.9",",,X",,,,,,,,,,,,,,
"USW00023239","ALAMEDA NAS, CA US","37.78333","-122.31667","9.1","1996-07-08","12.30",",,X"," 2338",",,X","0.00",",,X","0.0",",,X","0.0",",,X","66",",,X","55",",,X","  240",",,X","21.9",",,X","    1",",,X",,,,,,,,,,,,
"USW00023239","ALAMEDA NAS, CA US","37.78333","-122.31667","9.1","1996-07-09","8.50",",,X"," 1534",",,X","0.00",",,X","0.0",",,X","0.0",",,X","69",",,X","57",",,X","  270",",,X","20.8",",,X","    1",",,X",,,,,,,,,,,,
"USW00023239","ALAMEDA NAS, CA US","37.78333","-122.31667","9.1","1996-07-10","7.16",",,X"," 1049",",,X","0.00",",,X","0.0",",,X","0.0",",,X","70",",,X","57",",,X","  300",",,X","17.2",",,X",,,,,,,,,,,,,,
"USW00023239","ALAMEDA NAS, CA US","37.78333","-122.31667","9.1","1996-07-11","6.26",",,X"," 1837",",,X","0.00",",,X","0.0",",,X","0.0",",,X","71",",,X","55",",,X","  270",",,X","16.1",",,X",,,,,,,,,,,,,,
"USW00023239","ALAMEDA NAS, CA US","37.78333","-122.31667","9.1","1996-07-12","7.61",",,X"," 1552",",,X","0.00",",,X","0.0",",,X","0.0",",,X","71",",,X","55",",,X","  260",",,X","17.2",",,X","    1",",,X",,,,,,,,,,,,
"USW00023239","ALAMEDA NAS, CA US","37.78333","-122.31667","9.1","1996-07-13","7.83",",,X"," 1454",",,X","0.00","T,,X","0.0",",,X","0.0",",,X","68",",,X","57",",,X","  260",",,X","17.2",",,X","    1",",,X",,,,,,,,,"    1",",,X",,
"USW00023239","ALAMEDA NAS, CA US","37.78333","-122.31667","9.1","1996-07-14","8.50",",,X"," 1945",",,X","0.00","T,,X","0.0",",,X","0.0",",,X","66",",,X","55",",,X","  260",",,X","23.0",",,X","    1",",,X",,,,,,,,,"    1",",,X",,
"USW00023239","ALAMEDA NAS, CA US","37.78333","-122.31667","9.1","1996-07-15","9.40",",,X"," 1841",",,X","0.00","T,,X","0.0",",,X","0.0",",,X","68",",,X","58",",,X","  270",",,X","21.9",",,X",,,,,,,,,,,"    1",",,X",,
"USW00023239","ALAMEDA NAS, CA US","37.78333","-122.31667","9.1","1996-07-16","10.29",",,X"," 1452",",,X","0.00","T,,X","0.0",",,X","0.0",",,X","68",",,X","57",",,X","  240",",,X","24.2",",,X",,,,,,,,,,,"    1",",,X",,
"USW00023239","ALAMEDA NAS, CA US","37.78333","-122.31667","9.1","1996-07-17","12.30",",,X"," 1714",",,X","0.00",",,X","0.0",",,X","0.0",",,X","68",",,X","58",",,X","  230",",,X","26.4",",,X",,,,,,,,,,,,,,
"USW00023239","ALAMEDA NAS, CA US","37.78333","-122.31667","9.1","1996-07-18","7.16",",,X"," 1815",",,X","0.00",",,X","0.0",",,X","0.0",",,X","75",",,X","57",",,X","  250",",,X","20.8",",,X",,,,,,,,,,,,,,
"USW00023239","ALAMEDA NAS, CA US","37.78333","-122.31667","9.1","1996-07-19","6.49",",,X"," 1705",",,X","0.00",",,X","0.0",",,X","0.0",",,X","81",",,X","59",",,X","  260",",,X","19.5",",,X",,,,,,,,,,,,,,
"USW00023239","ALAMEDA NAS, CA US","37.78333","-122.31667","9.1","1996-07-20","4.25",",,X"," 1405",",,X","0.00",",,X","0.0",",,X","0.0",",,X","92",",,X","61",",,X","  270",",,X","16.1",",,X",,,,,,,,,,,,,,
"USW00023239","ALAMEDA NAS, CA US","37.78333","-122.31667","9.1","1996-07-21","5.59",",,X"," 1734",",,X","0.00",",,X","0.0",",,X","0.0",",,X","77",",,X","59",",,X","  270",",,X","12.8",",,X",,,,,,,,,,,,,,
"USW00023239","ALAMEDA NAS, CA US","37.78333","-122.31667","9.1","1996-07-22","6.04",",,X"," 1757",",,X","0.00",",,X","0.0",",,X","0.0",",,X","70",",,X","56",",,X","  270",",,X","19.5",",,X",,,,,,,,,,,,,,
"USW00023239","ALAMEDA NAS, CA US","37.78333","-122.31667","9.1","1996-07-23","8.50",",,X"," 1615",",,X","0.00",",,X","0.0",",,X","0.0",",,X","70",",,X","57",",,X","  270",",,X","19.5",",,X",,,,,,,,,,,,,,
"USW00023239","ALAMEDA NAS, CA US","37.78333","-122.31667","9.1","1996-07-24","8.05",",,X"," 1831",",,X","0.00",",,X","0.0",",,X","0.0",",,X","68",",,X","57",",,X","  260",",,X","18.3",",,X",,,,,,,,,,,,,,
"USW00023239","ALAMEDA NAS, CA US","37.78333","-122.31667","9.1","1996-07-25","6.49",",,X"," 1806",",,X","0.00",",,X","0.0",",,X","0.0",",,X","72",",,X","57",",,X","  260",",,X","20.8",",,X","    1",",,X",,,,,,,,,,,,
"USW00023239","ALAMEDA NAS, CA US","37.78333","-122.31667","9.1","1996-07-26","6.93",",,X"," 1859",",,X","0.00",",,X","0.0",",,X","0.0",",,X","73",",,X","56",",,X","  270",",,X","20.8",",,X","    1",",,X",,,,,,,,,,,,
"USW00023239","ALAMEDA NAS, CA US","37.78333","-122.31667","9.1","1996-07-27","5.14",",,X"," 1738",",,X","0.00",",,X","0.0",",,X","0.0",",,X","74",",,X","57",",,X","  230",",,X","17.2",",,X",,,,,,,,,,,,,,
"USW00023239","ALAMEDA NAS, CA US","37.78333","-122.31667","9.1","1996-07-28","6.71",",,X"," 1830",",,X","0.00",",,X","0.0",",,X","0.0",",,X","78",",,X","59",",,X","  280",",,X","18.3",",,X",,,,,,,,,,,,,,
"USW00023239","ALAMEDA NAS, CA US","37.78333","-122.31667","9.1","1996-07-29","5.82",",,X"," 1651",",,X","0.00",",,X","0.0",",,X","0.0",",,X","77",",,X","57",",,X","  260",",,X","18.3",",,X",,,,,,,,,,,,,,
"USW00023239","ALAMEDA NAS, CA US","37.78333","-122.31667","9.1","1996-07-30","6.26",",,X"," 1459",",,X","0.00",",,X","0.0",",,X","0.0",",,X","74",",,X","57",",,X","  260",",,X","17.2",",,X","    1",",,X",,,,,,,,,,,,
"USW00023239","ALAMEDA NAS, CA US","37.78333","-122.31667","9.1","1996-07-31","6.26",",,X"," 1853",",,X","0.00",",,X","0.0",",,X","0.0",",,X","73",",,X","57",",,X","  260",",,X","19.5",",,X",,,,,,,,,,,,,,
"USW00023239","ALAMEDA NAS, CA US","37.78333","-122.31667","9.1","1996-08-01","8.05",",,X"," 2250",",,X","0.00","T,,X","0.0",",,X","0.0",",,X","64",",,X","55",",,X","  220",",,X","16.1",",,X","    1",",,X",,,,,,,,,"    1",",,X",,
"USW00023239","ALAMEDA NAS, CA US","37.78333","-122.31667","9.1","1996-08-02","8.05",",,X"," 1740",",,X","0.00",",,X","0.0",",,X","0.0",",,X","75",",,X","55",",,X","  250",",,X","23.0",",,X",,,,,,,,,,,,,,
"USW00023239","ALAMEDA NAS, CA US","37.78333","-122.31667","9.1","1996-08-03","8.72",",,X"," 2202",",,X","0.00",",,X","0.0",",,X","0.0",",,X","70",",,X","57",",,X","  140",",,X","26.4",",,X",,,,,,,,,,,,,,
"USW00023239","ALAMEDA NAS, CA US","37.78333","-122.31667","9.1","1996-08-04","8.05",",,X"," 2250",",,X","0.00",",,X","0.0",",,X","0.0",",,X","73",",,X","57",",,X","  220",",,X","16.1",",,X",,,,,,,,,,,,,,
"USW00023239","ALAMEDA NAS, CA US","37.78333","-122.31667","9.1","1996-08-05","12.53",",,X"," 1255",",,X","0.00",",,X","0.0",",,X","0.0",",,X","66",",,X","59",",,X","  230",",,X","20.8",",,X",,,,,,,,,,,,,,
"USW00023239","ALAMEDA NAS, CA US","37.78333","-122.31667","9.1","1996-08-06","8.28",",,X"," 1445",",,X","0.00",",,X","0.0",",,X","0.0",",,X","70",",,X","57",",,X","  250",",,X","19.5",",,X","    1",",,X",,,,,,,,,,,,
"USW00023239","ALAMEDA NAS, CA US","37.78333","-122.31667","9.1","1996-08-07","6.93",",,X"," 1635",",,X","0.00",",,X","0.0",",,X","0.0",",,X","70",",,X","55",",,X","  260",",,X","18.3",",,X",,,,,,,,,,,,,,
"USW00023239","ALAMEDA NAS, CA US","37.78333","-122.31667","9.1","1996-08-08","6.71",",,X"," 1927",",,X","0.00",",,X","0.0",",,X","0.0",",,X","75",",,X","55",",,X","  250",",,X","17.2",",,X",,,,,,,,,,,,,,
"USW00023239","ALAMEDA NAS, CA US","37.78333","-122.31667","9.1","1996-08-09","4.92",",,X"," 1508",",,X","0.00",",,X","0.0",",,X","0.0",",,X","81",",,X","55",",,X","  260",",,X","13.9",",,X",,,,,,,,,,,,,,
"USW00023239","ALAMEDA NAS, CA US","37.78333","-122.31667","9.1","1996-08-10","5.59",",,X"," 1318",",,X","0.00",",,X","0.0",",,X","0.0",",,X","75",",,X","57",",,X","  260",",,X","16.1",",,X",,,,,,,,,,,,,,
"USW00023239","ALAMEDA NAS, CA US","37.78333","-122.31667","9.1","1996-08-11","6.93",",,X"," 1612",",,X","0.00","T,,X","0.0",",,X","0.0",",,X","75",",,X","59",",,X","  250",",,X","15.0",",,X",,,,,,,,,,,,,"    1",",,X"
"USW00023239","ALAMEDA NAS, CA US","37.78333","-122.31667","9.1","1996-08-12","3.58",",,X","  104",",,X","0.00",",,X","0.0",",,X","0.0",",,X","82",",,X","63",",,X","  250",",,X","15.0",",,X",,,,,,,,,,,,,,
"USW00023239","ALAMEDA NAS, CA US","37.78333","-122.31667","9.1","1996-08-13","6.26",",,X"," 1558",",,X","0.00",",,X","0.0",",,X","0.0",",,X","75",",,X","59",",,X","  260",",,X","15.0",",,X",,,,,,,,,,,,,,
"USW00023239","ALAMEDA NAS, CA US","37.78333","-122.31667","9.1","1996-08-14","7.61",",,X"," 1510",",,X","0.00",",,X","0.0",",,X","0.0",",,X","68",",,X","57",",,X","  260",",,X","18.3",",,X",,,,,,,,,,,,,,
"USW00023239","ALAMEDA NAS, CA US","37.78333","-122.31667","9.1","1996-08-15","4.70",",,X"," 1705",",,X","0.00",",,X","0.0",",,X","0.0",",,X","75",",,X","55",",,X","  260",",,X","17.2",",,X",,,,,,,,,,,,,,
"USW00023239","ALAMEDA NAS, CA US","37.78333","-122.31667","9.1","1996-08-16","5.59",",,X"," 1813",",,X","0.00",",,X","0.0",",,X","0.0",",,X","70",",,X","57",",,X","  260",",,X","18.3",",,X",,,,,,,,,,,,,,
"USW00023239","ALAMEDA NAS, CA US","37.78333","-122.31667","9.1","1996-08-17","7.38",",,X"," 1649",",,X","0.00",",,X","0.0",",,X","0.0",",,X","70",",,X","57",",,X","  250",",,X","18.3",",,X",,,,,,,,,,,,,,
"USW00023239","ALAMEDA NAS, CA US","37.78333","-122.31667","9.1","1996-08-18","7.61",",,X"," 2246",",,X","0.00",",,X","0.0",",,X","0.0",",,X","73",",,X","55",",,X","  230",",,X","19.5",",,X",,,,,,,,,,,,,,
"USW00023239","ALAMEDA NAS, CA US","37.78333","-122.31667","9.1","1996-08-19","10.74",",,X"," 1812",",,X","0.00",",,X","0.0",",,X","0.0",",,X","66",",,X","57",",,X","  270",",,X","23.0",",,X",,,,,,,,,,,,,,
"USW00023239","ALAMEDA NAS, CA US","37.78333","-122.31667","9.1","1996-08-20","5.82",",,X","  238",",,X","0.00",",,X","0.0",",,X","0.0",",,X","73",",,X","57",",,X","  200",",,X","16.1",",,X",,,,,,,,,,,,,,
"USW00023239","ALAMEDA NAS, CA US","37.78333","-122.31667","9.1","1996-08-21","7.61",",,X"," 1812",",,X","0.00",",,X","0.0",",,X","0.0",",,X","77",",,X","55",",,X","  250",",,X","21.9",",,X",,,,,,,,,"    1",",,X",,,,
"USW00023239","ALAMEDA NAS, CA US","37.78333","-122.31667","9.1","1996-08-22","4.70",",,X"," 2319",",,X","0.00",",,X","0.0",",,X","0.0",",,X","73",",,X","55",",,X","  230",",,X","16.1",",,X",,,,,,,,,,,,,,
"USW00023239","ALAMEDA NAS, CA US","37.78333","-122.31667","9.1","1996-08-23","4.25",",,X"," 1722",",,X","0.00",",,X","0.0",",,X","0.0",",,X","73",",,X","55",",,X","  280",",,X","12.8",",,X","    1",",,X",,,,,,,,,,,,
"USW00023239","ALAMEDA NAS, CA US","37.78333","-122.31667","9.1","1996-08-24","8.28",",,X"," 1837",",,X","0.00",",,X","0.0",",,X","0.0",",,X","66",",,X","57",",,X","  250",",,X","19.5",",,X",,,,,,,,,,,,,,
"USW00023239","ALAMEDA NAS, CA US","37.78333","-122.31667","9.1","1996-08-25","8.72",",,X"," 1618",",,X","0.00",",,X","0.0",",,X","0.0",",,X","72",",,X","59",",,X","  260",",,X","19.5",",,X",,,,,,,,,,,,,,
"USW00023239","ALAMEDA NAS, CA US","37.78333","-122.31667","9.1","1996-08-26","7.61",",,X"," 1743",",,X","0.00","T,,X","0.0",",,X","0.0",",,X","72",",,X","59",",,X","  270",",,X","19.5",",,X",,,,,,,,,,,"    1",",,X",,
"USW00023239","ALAMEDA NAS, CA US","37.78333","-122.31667","9.1","1996-08-27","7.16",",,X"," 2322",",,X","0.00",",,X","0.0",",,X","0.0",",,X","72",",,X","59",",,X","  240",",,X","16.1",",,X",,,,,,,,,,,,,,
"USW00023239","ALAMEDA NAS, CA US","37.78333","-122.31667","9.1","1996-08-28","4.70",",,X"," 1435",",,X","0.00",",,X","0.0",",,X","0.0",",,X","79",",,X","59",",,X","  260",",,X","16.1",",,X",,,,,,,,,,,,,,
"USW00023239","ALAMEDA NAS, CA US","37.78333","-122.31667","9.1","1996-08-29","4.92",",,X"," 1752",",,X","0.00",",,X","0.0",",,X","0.0",",,X","81",",,X","59",",,X","  270",",,X","15.0",",,X",,,,,,,,,,,,,,
"USW00023239","ALAMEDA NAS, CA US","37.78333","-122.31667","9.1","1996-08-30","4.92",",,X"," 1635",",,X","0.00",",,X","0.0",",,X","0.0",",,X","82",",,X","61",",,X","  250",",,X","20.8",",,X",,,,,,,,,,,,,,
"USW00023239","ALAMEDA NAS, CA US","37.78333","-122.31667","9.1","1996-08-31","8.05",",,X"," 2056",",,X","0.00",",,X","0.0",",,X","0.0",",,X","72",",,X","59",",,X","  240",",,X","17.2",",,X",,,,,,,,,,,,,,
"USW00023239","ALAMEDA NAS, CA US","37.78333","-122.31667","9.1","1996-09-01","8.05",",,X"," 1922",",,X","0.00",",,X","0.0",",,X","0.0",",,X","70",",,X","59",",,X","  250",",,X","18.3",",,X","    1",",,X",,,,,,,,,,,,
"USW00023239","ALAMEDA NAS, CA US","37.78333","-122.31667","9.1","1996-09-02","8.50",",,X"," 1824",",,X","0.00",",,X","0.0",",,X","0.0",",,X","71",",,X","59",",,X","  260",",,X","21.9",",,X",,,,,,,,,,,,,,
"USW00023239","ALAMEDA NAS, CA US","37.78333","-122.31667","9.1","1996-09-03","9.62",",,X"," 1604",",,X","0.00",",,X","0.0",",,X","0.0",",,X","68",",,X","58",",,X","  250",",,X","17.2",",,X",,,,,,,,,,,,,,
"USW00023239","ALAMEDA NAS, CA US","37.78333","-122.31667","9.1","1996-09-04","10.07",",,X"," 1520",",,X","0.00",",,X","0.0",",,X","0.0",",,X","72",",,X","58",",,X","  260",",,X","25.3",",,X",,,,,,,,,,,,,,
"USW00023239","ALAMEDA NAS, CA US","37.78333","-122.31667","9.1","1996-09-05","5.59",",,X"," 1431",",,X","0.00",",,X","0.0",",,X","0.0",",,X","79",",,X","57",",,X","  250",",,X","21.9",",,X",,,,,,,,,,,,,,
"USW00023239","ALAMEDA NAS, CA US","37.78333","-122.31667","9.1","1996-09-06","3.80",",,X"," 1455",",,X","0.00",",,X","0.0",",,X","0.0",",,X","84",",,X","58",",,X","  270",",,X","15.0",",,X",,,,,,,,,,,,,,
"USW00023239","ALAMEDA NAS, CA US","37.78333","-122.31667","9.1","1996-09-07","3.36",",,X"," 1640",",,X","0.00",",,X","0.0",",,X","0.0",",,X","87",",,X","57",",,X","  260",",,X","12.8",",,X",,,,,,,,,,,,,,
"USW00023239","ALAMEDA NAS, CA US","37.78333","-122.31667","9.1","1996-09-08","3.80",",,X"," 1651",",,X","0.00",",,X","0.0",",,X","0.0",",,X","84",",,X","59",",,X","  260",",,X","15.0",",,X",,,,,,,,,,,,,,
"USW00023239","ALAMEDA NAS, CA US","37.78333","-122.31667","9.1","1996-09-09","4.70",",,X"," 1741",",,X","0.00",",,X","0.0",",,X","0.0",",,X","78",",,X","57",",,X","  260",",,X","17.2",",,X",,,,,,,,,,,,,,
"USW00023239","ALAMEDA NAS, CA US","37.78333","-122.31667","9.1","1996-09-10","5.59",",,X"," 1708",",,X","0.00",",,X","0.0",",,X","0.0",",,X","71",",,X","56",",,X","  270",",,X","17.2",",,X",,,,,,,,,,,,,,
"USW00023239","ALAMEDA NAS, CA US","37.78333","-122.31667","9.1","1996-09-11","8.50",",,X"," 1826",",,X","0.00","T,,X","0.0",",,X","0.0",",,X","66",",,X","57",",,X","  250",",,X","17.2",",,X",,,,,,,,,,,"    1",",,X",,
"USW00023239","ALAMEDA NAS, CA US","37.78333","-122.31667","9.1","1996-09-12","6.93",",,X"," 1650",",,X","0.00",",,X","0.0",",,X","0.0",",,X","73",",,X","59",",,X","  250",",,X","21.9",",,X",,,,,,,,,,,,,,
"USW00023239","ALAMEDA NAS, CA US","37.78333","-122.31667","9.1","1996-09-13","12.08",",,X"," 1327",",,X","0.00",",,X","0.0",",,X","0.0",",,X","70",",,X","61",",,X","  260",",,X","27.5",",,X",,,,,,,,,,,,,,
"USW00023239","ALAMEDA NAS, CA US","37.78333","-122.31667","9.1","1996-09-14","6.93",",,X"," 1558",",,X","0.00","T,,X","0.0",",,X","0.0",",,X","72",",,X","59",",,X","  250",",,X","20.8",",,X",,,,,,,,,,,"    1",",,X",,
"USW00023239","ALAMEDA NAS, CA US","37.78333","-122.31667","9.1","1996-09-15","10.51",",,X"," 1630",",,X","0.04",",,X","0.0",",,X","0.0",",,X","72",",,X","62",",,X","  260",",,X","26.4",",,X",,,,,,,,,,,"    1",",,X","    1",",,X"
"USW00023239","ALAMEDA NAS, CA US","37.78333","-122.31667","9.1","1996-09-16","7.16",",,X"," 1558",",,X","0.00",",,X","0.0",",,X","0.0",",,X","75",",,X","59",",,X","  260",",,X","20.8",",,X",,,,,,,,,,,,,,
"USW00023239","ALAMEDA NAS, CA US","37.78333","-122.31667","9.1","1996-09-17","4.92",",,X"," 1438",",,X","0.00",",,X","0.0",",,X","0.0",",,X","79",",,X","59",",,X","  250",",,X","18.3",",,X",,,,,,,,,,,,,,
"USW00023239","ALAMEDA NAS, CA US","37.78333","-122.31667","9.1","1996-09-18","3.80",",,X"," 1624",",,X","0.00",",,X","0.0",",,X","0.0",",,X","84",",,X","59",",,X","  260",",,X","15.0",",,X",,,,,,,,,,,,,,
"USW00023239","ALAMEDA NAS, CA US","37.78333","-122.31667","9.1","1996-09-19","4.92",",,X"," 1442",",,X","0.00",",,X","0.0",",,X","0.0",",,X","80",",,X","60",",,X","  260",",,X","16.1",",,X",,,,,,,,,,,,,,
"USW00023239","ALAMEDA NAS, CA US","37.78333","-122.31667","9.1","1996-09-20","3.13",",,X"," 1723",",,X","0.00",",,X","0.0",",,X","0.0",",,X","81",",,X","59",",,X","  260",",,X","17.2",",,X",,,,,,,,,,,,,,
"USW00023239","ALAMEDA NAS, CA US","37.78333","-122.31667","9.1","1996-09-21","6.04",",,X"," 1812",",,X","0.00",",,X","0.0",",,X","0.0",",,X","74",",,X","58",",,X","  250",",,X","19.5",",,X",,,,,,,,,,,,,,
"USW00023239","ALAMEDA NAS, CA US","37.78333","-122.31667","9.1","1996-09-22","7.61",",,X","   42",",,X","0.00",",,X","0.0",",,X","0.0",",,X","73",",,X","56",",,X","  210",",,X","18.3",",,X",,,,,,,,,,,,,,
"USW00023239","ALAMEDA NAS, CA US","37.78333","-122.31667","9.1","1996-09-23","10.51",",,X"," 1726",",,X","0.00",",,X","0.0",",,X","0.0",",,X","68",",,X","55",",,X","  250",",,X","20.8",",,X",,,,,,,,,,,,,,
"USW00023239","ALAMEDA NAS, CA US","37.78333","-122.31667","9.1","1996-09-24","6.71",",,X"," 2340",",,X","0.00",",,X","0.0",",,X","0.0",",,X","68",",,X","54",",,X","  240",",,X","18.3",",,X",,,,,,,,,,,,,,
"USW00023239","ALAMEDA NAS, CA US","37.78333","-122.31667","9.1","1996-09-25","4.70",",,X"," 1807",",,X","0.00",",,X","0.0",",,X","0.0",",,X","68",",,X","55",",,X","  260",",,X","16.1",",,X","    1",",,X",,,,,,,,,,,,
"USW00023239","ALAMEDA NAS, CA US","37.78333","-122.31667","9.1","1996-09-26","7.16",",,X"," 1830",",,X","0.00",",,X","0.0",",,X","0.0",",,X","68",",,X","55",",,X","  260",",,X","18.3",",,X","    1",",,X",,,,,,,"    1",",,X",,,,
"USW00023239","ALAMEDA NAS, CA US","37.78333","-122.31667","9.1","1996-09-27","6.71",",,X"," 1453",",,X","0.00",",,X","0.0",",,X","0.0",",,X","69",",,X","55",",,X","  260",",,X","17.2",",,X",,,,,,,,,,,,,,
"USW00023239","ALAMEDA NAS, CA US","37.78333","-122.31667","9.1","1996-09-28","6.04",",,X"," 1915",",,X","0.00",",,X","0.0",",,X","0.0",",,X","71",",,X","55",",,X","  260",",,X","16.1",",,X",,,,,,,,,,,,,,
"USW00023239","ALAMEDA NAS, CA US","37.78333","-122.31667","9.1","1996-09-29","5.82",",,X"," 1554",",,X","0.00",",,X","0.0",",,X","0.0",",,X","69",",,X","55",",,X","  260",",,X","17.2",",,X",,,,,,,,,,,,,,
"USW00023239","ALAMEDA NAS, CA US","37.78333","-122.31667","9.1","1996-09-30","7.38",",,X"," 1539",",,X","0.00",",,X","0.0",",,X","0.0",",,X","63",",,X","55",",,X","  250",",,X","17.2",",,X",,,,,,,,,,,,,,
"USW00023239","ALAMEDA NAS, CA US","37.78333","-122.31667","9.1","1996-10-01","6.71",",,X"," 1706",",,X","0.00",",,X","0.0",",,X","0.0",",,X","70",",,X","59",",,X","  260",",,X","16.1",",,X",,,,,,,,,,,,,,
"USW00023239","ALAMEDA NAS, CA US","37.78333","-122.31667","9.1","1996-10-02","6.04",",,X"," 1830",",,X","0.00",",,X","0.0",",,X","0.0",",,X","68",",,X","57",",,X","  260",",,X","20.8",",,X",,,,,,,,,,,,,,
"USW00023239","ALAMEDA NAS, CA US","37.78333","-122.31667","9.1","1996-10-03","3.58",",,X"," 1721",",,X","0.00",",,X","0.0",",,X","0.0",",,X","75",",,X","57",",,X","  260",",,X","16.1",",,X","    1",",,X",,,,,,,,,,,,
"USW00023239","ALAMEDA NAS, CA US","37.78333","-122.31667","9.1","1996-10-04","5.14",",,X"," 1504",",,X","0.00",",,X","0.0",",,X","0.0",",,X","75",",,X","59",",,X","  250",",,X","17.2",",,X",,,,,,,,,,,,,,
"USW00023239","ALAMEDA NAS, CA US","37.78333","-122.31667","9.1","1996-10-05","4.47",",,X"," 1412",",,X","0.00",",,X","0.0",",,X","0.0",",,X","85",",,X","60",",,X","  260",",,X","15.0",",,X",,,,,,,,,,,,,,
"USW00023239","ALAMEDA NAS, CA US","37.78333","-122.31667","9.1","1996-10-06","3.80",",,X"," 1832",",,X","0.00",",,X","0.0",",,X","0.0",",,X","89",",,X","59",",,X","  350",",,X","11.4",",,X",,,,,,,,,,,,,,
"USW00023239","ALAMEDA NAS, CA US","37.78333","-122.31667","9.1","1996-10-07","3.36",",,X"," 1708",",,X","0.00",",,X","0.0",",,X","0.0",",,X","96",",,X","63",",,X","  280",",,X","13.9",",,X",,,,,,,,,,,,,,
"USW00023239","ALAMEDA NAS, CA US","37.78333","-122.31667","9.1","1996-10-08","3.36",",,X"," 1244",",,X","0.00",",,X","0.0",",,X","0.0",",,X","98",",,X","66",",,X","  320",",,X","12.8",",,X",,,,,,,,,,,,,,
"USW00023239","ALAMEDA NAS, CA US","37.78333","-122.31667","9.1","1996-10-09","8.28",",,X"," 1320",",,X","0.00",",,X","0.0",",,X","0.0",",,X","72",",,X","60",",,X","  250",",,X","21.9",",,X",,,,,,,,,,,,,,
"USW00023239","ALAMEDA NAS, CA US","37.78333","-122.31667","9.1","1996-10-10","7.83",",,X"," 1522",",,X","0.00",",,X","0.0",",,X","0.0",",,X","72",",,X","59",",,X","  250",",,X","18.3",",,X",,,,,,,,,,,,,,
"USW00023239","ALAMEDA NAS, CA US","37.78333","-122.31667","9.1","1996-10-11","4.25",",,X"," 1631",",,X","0.00",",,X","0.0",",,X","0.0",",,X","73",",,X","60",",,X","  260",",,X","15.0",",,X",,,,,,,,,,,,,,
"USW00023239","ALAMEDA NAS, CA US","37.78333","-122.31667","9.1","1996-10-12","6.04",",,X"," 1509",",,X","0.00",",,X","0.0",",,X","0.0",",,X","73",",,X","59",",,X","  250",",,X","19.5",",,X",,,,,,,,,,,,,,
"USW00023239","ALAMEDA NAS, CA US","37.78333","-122.31667","9.1","1996-10-13","4.25",",,X"," 1431",",,X","0.00",",,X","0.0",",,X","0.0",",,X","72",",,X","57",",,X","  260",",,X","18.3",",,X",,,,,,,,,,,,,,
"USW00023239","ALAMEDA NAS, CA US","37.78333","-122.31667","9.1","1996-10-14","3.36",",,X"," 1558",",,X","0.00",",,X","0.0",",,X","0.0",",,X","75",",,X","57",",,X","  260",",,X","12.8",",,X",,,,,,,,,,,,,,
"USW00023239","ALAMEDA NAS, CA US","37.78333","-122.31667","9.1","1996-10-15","5.14",",,X"," 2248",",,X","0.00",",,X","0.0",",,X","0.0",",,X","73",",,X","57",",,X","  270",",,X","18.3",",,X",,,,,,,,,,,,,,
"USW00023239","ALAMEDA NAS, CA US","37.78333","-122.31667","9.1","1996-10-16","5.82",",,X"," 1422",",,X","0.00",",,X","0.0",",,X","0.0",",,X","68",",,X","55",",,X","  260",",,X","17.2",",,X",,,,,,,,,,,,,,
"USW00023239","ALAMEDA NAS, CA US","37.78333","-122.31667","9.1","1996-10-17","5.37",",,X"," 1750",",,X","0.00",",,X","0.0",",,X","0.0",",,X","72",",,X","53",",,X","  250",",,X","15.0",",,X",,,,,,,,,,,,,,
"USW00023239","ALAMEDA NAS, CA US","37.78333","-122.31667","9.1","1996-10-18","8.50",",,X"," 1821",",,X","0.04",",,X","0.0",",,X","0.0",",,X","67",",,X","53",",,X","  290",",,X","19.5",",,X","    1",",,X",,,,,,,,,,,"    1",",,X"
"USW00023239","ALAMEDA NAS, CA US","37.78333","-122.31667","9.1","1996-10-19","12.53",",,X"," 1357",",,X","0.00",",,X","0.0",",,X","0.0",",,X","65",",,X","54",",,X","  260",",,X","26.4",",,X",,,,,,,,,,,,,,
"USW00023239","ALAMEDA NAS, CA US","37.78333","-122.31667","9.1","1996-10-20","8.05",",,X"," 1546",",,X","0.00",",,X","0.0",",,X","0.0",",,X","67",",,X","51",",,X","  260",",,X","19.5",",,X",,,,,,,,,,,,,,
"USW00023239","ALAMEDA NAS, CA US","37.78333","-122.31667","9.1","1996-10-21","5.14",",,X"," 1131",",,X","0.00",",,X","0.0",",,X","0.0",",,X","72",",,X","52",",,X","   60",",,X","17.2",",,X",,,,,,,,,,,,,,
"USW00023239","ALAMEDA NAS, CA US","37.78333","-122.31667","9.1","1996-10-22","4.70",",,X"," 1637",",,X","0.00",",,X","0.0",",,X","0.0",",,X","73",",,X","51",",,X","  260",",,X","19.5",",,X",,,,,,,,,,,,,,
"USW00023239","ALAMEDA NAS, CA US","37.78333","-122.31667","9.1","1996-10-23","4.47",",,X"," 1622",",,X","0.00",",,X","0.0",",,X","0.0",",,X","68",",,X","54",",,X","  260",",,X","17.2",",,X","    1",",,X",,,,,,,,,,,,
"USW00023239","ALAMEDA NAS, CA US","37.78333","-122.31667","9.1","1996-10-24","8.05",",,X"," 1724",",,X","0.04",",,X","0.0",",,X","0.0",",,X","63",",,X","54",",,X","  250",",,X","24.2",",,X","    1",",,X",,,,,,,,,,,"    1",",,X"
"USW00023239","ALAMEDA NAS, CA US","37.78333","-122.31667","9.1","1996-10-25","12.75",",,X"," 1444",",,X","0.00",",,X","0.0",",,X","0.0",",,X","63",",,X","53",",,X","  260",",,X","30.0",",,X",,,,,,,,,,,,,,
"USW00023239","ALAMEDA NAS, CA US","37.78333","-122.31667","9.1","1996-10-26","15.43",",,X","  831",",,X","0.00",",,X","0.0",",,X","0.0",",,X","70",",,X","53",",,X","  350",",,X","39.1",",,X",,,,,,,,,,,,,,
"USW00023239","ALAMEDA NAS, CA US","37.78333","-122.31667","9.1","1996-10-27","6.71",",,X","  940",",,X","0.00",",,X","0.0",",,X","0.0",",,X","75",",,X","55",",,X","   50",",,X","25.3",",,X",,,,,,,,,,,,,,
"USW00023239","ALAMEDA NAS, CA US","37.78333","-122.31667","9.1","1996-10-28","7.38",",,X"," 1943",",,X","0.00","T,,X","0.0",",,X","0.0",",,X","68",",,X","52",",,X","  160",",,X","23.0",",,X",,,,,,,,,,,,,"    1",",,X"
"USW00023239","ALAMEDA NAS, CA US","37.78333","-122.31667","9.1","1996-10-29","8.28",",,X","  442",",,X","0.63",",,X","0.0",",,X","0.0",",,X","65",",,X","54",",,X","  130",",,X","30.0",",,X",,,,,,,,,,,,,"    1",",,X"
"USW00023239","ALAMEDA NAS, CA US","37.78333","-122.31667","9.1","1996-10-30","4.25",",,X","  938",",,X","0.25",",,X","0.0",",,X","0.0",",,X","57",",,X","52",",,X","  110",",,X","39.1",",,X",,,,,,,,,,,,,"    1",",,X"
"USW00023239","ALAMEDA NAS, CA US","37.78333","-122.31667","9.1","1996-10-31","4.47",",,X"," 1243",",,X","0.00",",,X","0.0",",,X","0.0",",,X","64",",,X","52",",,X","  300",",,X","17.2",",,X",,,,,,,,,,,,,,
"USW00023239","ALAMEDA NAS, CA US","37.78333","-122.31667","9.1","1996-11-01","3.13",",,X"," 1718",",,X","0.00",",,X","0.0",",,X","0.0",",,X","69",",,X","50",",,X","  270",",,X","10.3",",,X",,,,,,,,,,,,,,
"USW00023239","ALAMEDA NAS, CA US","37.78333","-122.31667","9.1","1996-11-02","4.25",",,X"," 2104",",,X","0.00",",,X","0.0",",,X","0.0",",,X","63",",,X","50",",,X","  260",",,X","15.0",",,X","    1",",,X","    1",",,X",,,,,"    1",",,X",,,,
"USW00023239","ALAMEDA NAS, CA US","37.78333","-122.31667","9.1","1996-11-03","5.59",",,X"," 1601",",,X","0.00",",,X","0.0",",,X","0.0",",,X","61",",,X","53",",,X","  220",",,X","13.9",",,X",,,,,,,,,,,,,,
"USW00023239","ALAMEDA NAS, CA US","37.78333","-122.31667","9.1","1996-11-04","3.58",",,X","  212",",,X","0.00",",,X","0.0",",,X","0.0",",,X","61",",,X","52",",,X","  250",",,X","15.0",",,X",,,,,,,,,,,,,,
"USW00023239","ALAMEDA NAS, CA US","37.78333","-122.31667","9.1","1996-11-05","4.25",",,X"," 1455",",,X","0.00",",,X","0.0",",,X","0.0",",,X","63",",,X","50",",,X","  260",",,X","16.1",",,X",,,,,,,,,,,,,,
"USW00023239","ALAMEDA NAS, CA US","37.78333","-122.31667","9.1","1996-11-06","2.46",",,X"," 1638",",,X","0.00",",,X","0.0",",,X","0.0",",,X","68",",,X","46",",,X","  260",",,X","11.4",",,X",,,,,,,,,,,,,,
"USW00023239","ALAMEDA NAS, CA US","37.78333","-122.31667","9.1","1996-11-07","3.36",",,X"," 1557",",,X","0.00",",,X","0.0",",,X","0.0",",,X","70",",,X","49",",,X","  290",",,X","11.4",",,X",,,,,,,,,,,,,,
"USW00023239","ALAMEDA NAS, CA US","37.78333","-122.31667","9.1","1996-11-08","2.46",",,X"," 1713",",,X","0.00",",,X","0.0",",,X","0.0",",,X","72",",,X","53",",,X","   30",",,X","9.2",",,X",,,,,,,,,,,,,,
"USW00023239","ALAMEDA NAS, CA US","37.78333","-122.31667","9.1","1996-11-09","0.89",",,X"," 1534",",,X","0.00",",,X","0.0",",,X","0.0",",,X","74",",,X","53",",,X","  310",",,X","6.9",",,X",,,,,,,,,"    1",",,X",,,,
"USW00023239","ALAMEDA NAS, CA US","37.78333","-122.31667","9.1","1996-11-10","1.34",",,X"," 1250",",,X","0.00",",,X","0.0",",,X","0.0",",,X","74",",,X","52",",,X","  300",",,X","6.9",",,X",,,,,,,,,"    1",",,X",,,,
"USW00023239","ALAMEDA NAS, CA US","37.78333","-122.31667","9.1","1996-11-11","1.79",",,X","  225",",,X","0.00",",,X","0.0",",,X","0.0",",,X","66",",,X","51",",,X","  250",",,X","21.9",",,X","    1",",,X",,,,,,,,,,,,
"USW00023239","ALAMEDA NAS, CA US","37.78333","-122.31667","9.1","1996-11-12","1.34",",,X"," 1609",",,X","0.00",",,X","0.0",",,X","0.0",",,X","71",",,X","54",",,X","  240",",,X","9.2",",,X","    1",",,X",,,,,,,,,,,,
"USW00023239","ALAMEDA NAS, CA US","37.78333","-122.31667","9.1","1996-11-13","2.24",",,X"," 1538",",,X","0.01",",,X","0.0",",,X","0.0",",,X","63",",,X","53",",,X","  240",",,X","13.9",",,X","    1",",,X","    1",",,X",,,,,"    1",",,X","    1",",,X",,
"USW00023239","ALAMEDA NAS, CA US","37.78333","-122.31667","9.1","1996-11-14","2.68",",,X"," 1454",",,X","0.00",",,X","0.0",",,X","0.0",",,X","62",",,X","50",",,X","  240",",,X","10.3",",,X",,,,,,,,,,,,,,
"USW00023239","ALAMEDA NAS, CA US","37.78333","-122.31667","9.1","1996-11-15","8.50",",,X"," 1457",",,X","0.00",",,X","0.0",",,X","0.0",",,X","63",",,X","51",",,X","  260",",,X","24.2",",,X",,,,,,,,,,,,,,
"USW00023239","ALAMEDA NAS, CA US","37.78333","-122.31667","9.1","1996-11-16","6.93",",,X"," 2248",",,X","0.81",",,X","0.0",",,X","0.0",",,X","56",",,X","50",",,X","  120",",,X","32.2",",,X",,,,,,,,,,,,,"    1",",,X"
"USW00023239","ALAMEDA NAS, CA US","37.78333","-122.31667","9.1","1996-11-17","12.30",",,X","  529",",,X","0.94",",,X","0.0",",,X","0.0",",,X","63",",,X","53",",,X","  210",",,X","32.2",",,X","    1",",,X",,,,,,,,,,,"    1",",,X"
"USW00023239","ALAMEDA NAS, CA US","37.78333","-122.31667","9.1","1996-11-18","8.50",",,X","   11",",,X","0.01",",,X","0.0",",,X","0.0",",,X","66",",,X","59",",,X","  210",",,X","18.3",",,X","    1",",,X",,,,,,,,,,,"    1",",,X"
"USW00023239","ALAMEDA NAS, CA US","37.78333","-122.31667","9.1","1996-11-19","11.86",",,X"," 1433",",,X","0.29",",,X","0.0",",,X","0.0",",,X","62",",,X","57",",,X","  180",",,X","30.0",",,X",,,,,,,,,,,,,"    1",",,X"
"USW00023239","ALAMEDA NAS, CA US","37.78333","-122.31667","9.1","1996-11-20","2.91",",,X"," 1407",",,X","0.00",",,X","0.0",",,X","0.0",",,X","67",",,X","49",",,X","  300",",,X","13.9",",,X","    1",",,X",,,,,,,,,,,,
"USW00023239","ALAMEDA NAS, CA US","37.78333","-122.31667","9.1","1996-11-21","2.91",",,X"," 1821",",,X","0.13",",,X","0.0",",,X","0.0",",,X","63",",,X","55",",,X","  210",",,X","12.8",",,X","    1",",,X",,,,,,,,,,,"    1",",,X"
"USW00023239","ALAMEDA NAS, CA US","37.78333","-122.31667","9.1","1996-11-22","12.97",",,X","  457",",,X","0.46",",,X","0.0",",,X","0.0",",,X","62",",,X","55",",,X","  200",",,X","27.5",",,X",,,,,,,,,,,,,"    1",",,X"
"USW00023239","ALAMEDA NAS, CA US","37.78333","-122.31667","9.1","1996-11-23","2.91",",,X"," 1152",",,X","0.00",",,X","0.0",",,X","0.0",",,X","61",",,X","55",",,X","  340",",,X","9.2",",,X",,,,,,,,,,,,,,
"USW00023239","ALAMEDA NAS, CA US","37.78333","-122.31667","9.1","1996-11-24","4.47",",,X"," 1321",",,X","0.02",",,X","0.0",",,X","0.0",",,X","64",",,X","53",",,X","  310",",,X","15.0",",,X",,,,,,,,,,,,,"    1",",,X"
"USW00023239","ALAMEDA NAS, CA US","37.78333","-122.31667","9.1","1996-11-25","4.70",",,X"," 2331",",,X","0.00",",,X","0.0",",,X","0.0",",,X","65",",,X","54",",,X","  340",",,X","12.8",",,X","    1",",,X","    1",",,X",,,,,"    1",",,X",,,,
"USW00023239","ALAMEDA NAS, CA US","37.78333","-122.31667","9.1","1996-11-26","4.25",",,X"," 1447",",,X","0.00",",,X","0.0",",,X","0.0",",,X","71",",,X","51",",,X","  290",",,X","13.9",",,X",,,,,,,,,,,,,,
"USW00023239","ALAMEDA NAS, CA US","37.78333","-122.31667","9.1","1996-11-27","2.46",",,X"," 1626",",,X","0.00",",,X","0.0",",,X","0.0",",,X","68",",,X","48",",,X","  250",",,X","12.8",",,X",,,,,,,,,,,,,,
"USW00023239","ALAMEDA NAS, CA US","37.78333","-122.31667","9.1","1996-11-28","9.40",",,X"," 1759",",,X","0.03",",,X","0.0",",,X","0.0",",,X","64",",,X","52",",,X","  310",",,X","24.2",",,X","    1",",,X",,,,,,,,,"    1",",,X",,
"USW00023239","ALAMEDA NAS, CA US","37.78333","-122.31667","9.1","1996-11-29","9.40",",,X","  212",",,X","0.00",",,X","0.0",",,X","0.0",",,X","64",",,X","50",",,X","  300",",,X","20.8",",,X",,,,,,,,,,,,,,
"USW00023239","ALAMEDA NAS, CA US","37.78333","-122.31667","9.1","1996-11-30","3.80",",,X"," 2349",",,X","0.02",",,X","0.0",",,X","0.0",",,X","59",",,X","46",",,X","  120",",,X","13.9",",,X",,,,,,,,,,,,,"    1",",,X"
"USW00023239","ALAMEDA NAS, CA US","37.78333","-122.31667","9.1","1996-12-01","8.50",",,X","  303",",,X","0.20",",,X","0.0",",,X","0.0",",,X","62",",,X","49",",,X","  240",",,X","25.3",",,X",,,,,,,,,,,,,"    1",",,X"
"USW00023239","ALAMEDA NAS, CA US","37.78333","-122.31667","9.1","1996-12-02","5.82",",,X","  623",",,X","0.00",",,X","0.0",",,X","0.0",",,X","57",",,X","46",",,X","  340",",,X","17.2",",,X",,,,,,,,,,,,,,
"USW00023239","ALAMEDA NAS, CA US","37.78333","-122.31667","9.1","1996-12-03","2.68",",,X","  845",",,X","0.00",",,X","0.0",",,X","0.0",",,X","57",",,X","44",",,X","  130",",,X","10.3",",,X",,,,,,,,,,,,,,
"USW00023239","ALAMEDA NAS, CA US","37.78333","-122.31667","9.1","1996-12-04","5.14",",,X"," 2345",",,X","0.50",",,X","0.0",",,X","0.0",",,X","60",",,X","50",",,X","  180",",,X","18.3",",,X","    1",",,X",,,,,,,,,,,"    1",",,X"
"USW00023239","ALAMEDA NAS, CA US","37.78333","-122.31667","9.1","1996-12-05","8.50",",,X","  415",",,X","0.40",",,X","0.0",",,X","0.0",",,X","61",",,X","55",",,X","  210",",,X","30.0",",,X","    1",",,X",,,,,,,,,,,"    1",",,X"
"USW00023239","ALAMEDA NAS, CA US","37.78333","-122.31667","9.1","1996-12-06","3.80",",,X","  122",",,X","0.00","T,,X","0.0",",,X","0.0",",,X","59",",,X","53",",,X","  220",",,X","12.8",",,X",,,,,,,,,,,,,"    1",",,X"
"USW00023239","ALAMEDA NAS, CA US","37.78333","-122.31667","9.1","1996-12-07","8.72",",,X"," 1925",",,X","0.00",",,X","0.0",",,X","0.0",",,X","62",",,X","52",",,X","  180",",,X","20.8",",,X",,,,,,,,,,,,,,
"USW00023239","ALAMEDA NAS, CA US","37.78333","-122.31667","9.1","1996-12-08","7.61",",,X"," 1851",",,X","0.01",",,X","0.0",",,X","0.0",",,X","63",",,X","57",",,X","  130",",,X","20.8",",,X",,,,,,,,,,,,,"    1",",,X"
"USW00023239","ALAMEDA NAS, CA US","37.78333","-122.31667","9.1","1996-12-09","12.97",",,X","  807",",,X","0.41",",,X","0.0",",,X","0.0",",,X","61",",,X","55",",,X","  120",",,X","28.9",",,X","    1",",,X",,,,,,,,,,,"    1",",,X"
"USW00023239","ALAMEDA NAS, CA US","37.78333","-122.31667","9.1","1996-12-10","8.72",",,X","  529",",,X","1.26",",,X","0.0",",,X","0.0",",,X","62",",,X","53",",,X","  120",",,X","40.3",",,X","    1",",,X",,,,,,,,,,,"    1",",,X"
"USW00023239","ALAMEDA NAS, CA US","37.78333","-122.31667","9.1","1996-12-11","6.49",",,X"," 1922",",,X","0.17",",,X","0.0",",,X","0.0",",,X","63",",,X","55",",,X","  190",",,X","20.8",",,X","    1",",,X",,,,,,,,,,,"    1",",,X"
"USW00023239","ALAMEDA NAS, CA US","37.78333","-122.31667","9.1","1996-12-12","4.70",",,X","  131",",,X","0.35",",,X","0.0",",,X","0.0",",,X","67",",,X","57",",,X","  200",",,X","15.0",",,X","    1",",,X",,,,,,,,,,,"    1",",,X"
"USW00023239","ALAMEDA NAS, CA US","37.78333","-122.31667","9.1","1996-12-13","7.61",",,X"," 1343",",,X","0.01",",,X","0.0",",,X","0.0",",,X","61",",,X","52",",,X","  340",",,X","18.3",",,X",,,,,,,,,,,,,"    1",",,X"
"USW00023239","ALAMEDA NAS, CA US","37.78333","-122.31667","9.1","1996-12-14","1.34",",,X","   11",",,X","0.00",",,X","0.0",",,X","0.0",",,X","63",",,X","33",",,X","  340",",,X","10.3",",,X",,,,,,,,,,,,,,
"USW00023239","ALAMEDA NAS, CA US","37.78333","-122.31667","9.1","1996-12-15","2.24",",,X"," 1255",",,X","0.00",",,X","0.0",",,X","0.0",",,X","64",",,X","50",",,X","  160",",,X","5.8",",,X",,,,,,,,,,,,,,
"USW00023239","ALAMEDA NAS, CA US","37.78333","-122.31667","9.1","1996-12-16","2.01",",,X"," 1955",",,X","0.00",",,X","0.0",",,X","0.0",",,X","63",",,X","45",",,X","  350",",,X","2.2",",,X",,,,,,,,,,,,,,
"USW00023239","ALAMEDA NAS, CA US","37.78333","-122.31667","9.1","1996-12-17","2.01",",,X"," 2155",",,X","0.00",",,X","0.0",",,X","0.0",",,X","67",",,X","46",",,X","  340",",,X","9.2",",,X",,,,,,,,,,,,,,
"USW00023239","ALAMEDA NAS, CA US","37.78333","-122.31667","9.1","1996-12-18","3.58",",,X"," 1255",",,X","0.00",",,X","0.0",",,X","0.0",",,X","58",",,X","46",",,X","  210",",,X","9.2",",,X",,,,,,,,,,,,,,
"USW00023239","ALAMEDA NAS, CA US","37.78333","-122.31667","9.1","1996-12-19","2.91",",,X"," 1355",",,X","0.00",",,X","0.0",",,X","0.0",",,X","55",",,X","45",",,X","  310",",,X","6.9",",,X","    1",",,X",,,,,,,,,,,,
"USW00023239","ALAMEDA NAS, CA US","37.78333","-122.31667","9.1","1996-12-20","3.36",",,X"," 1955",",,X","0.09",",,X","0.0",",,X","0.0",",,X","56",",,X","43",",,X","  100",",,X","6.9",",,X",,,,,,,,,,,,,,
"USW00023239","ALAMEDA NAS, CA US","37.78333","-122.31667","9.1","1996-12-21","6.93",",,X"," 1155",",,X","1.55",",,X","0.0",",,X","0.0",",,X","56",",,X","48",",,X","  130",",,X","13.9",",,X","    1",",,X",,,,,,,,,,,"    1",",,X"
"USW00023239","ALAMEDA NAS, CA US","37.78333","-122.31667","9.1","1996-12-22","7.61",",,X"," 1050",",,X","0.23",",,X","0.0",",,X","0.0",",,X","57",",,X","46",",,X","  210",",,X","32.2",",,X",,,,,,,,,,,,,"    1",",,X"
"USW00023239","ALAMEDA NAS, CA US","37.78333","-122.31667","9.1","1996-12-23","3.58",",,X","   55",",,X","0.00",",,X","0.0",",,X","0.0",",,X","58",",,X","48",",,X","  130",",,X","10.3",",,X",,,,,,,,,,,,,,
"USW00023239","ALAMEDA NAS, CA US","37.78333","-122.31667","9.1","1996-12-24","2.46",",,X"," 2155",",,X","0.00",",,X","0.0",",,X","0.0",",,X","58",",,X","46",",,X",,,"3.4",",,X",,,,,,,,,,,,,,
"USW00023239","ALAMEDA NAS, CA US","37.78333","-122.31667","9.1","1996-12-25","1.34",",,X","  655",",,X","0.00",",,X","0.0",",,X","0.0",",,X","57",",,X","41",",,X","  340",",,X","5.8",",,X",,,,,,,,,,,,,,
"USW00023239","ALAMEDA NAS, CA US","37.78333","-122.31667","9.1","1996-12-26","5.14",",,X"," 1655",",,X","1.15",",,X","0.0",",,X","0.0",",,X","54",",,X","48",",,X","  120",",,X","16.1",",,X","    1",",,X",,,,,,,,,,,"    1",",,X"
"USW00023239","ALAMEDA NAS, CA US","37.78333","-122.31667","9.1","1996-12-27","5.82",",,X"," 1255",",,X","0.19",",,X","0.0",",,X","0.0",",,X","57",",,X","51",",,X","  150",",,X","9.2",",,X",,,,,"    1",",,X",,,,,,,"    1",",,X"
"USW00023239","ALAMEDA NAS, CA US","37.78333","-122.31667","9.1","1996-12-28","9.40",",,X"," 1555",",,X","0.03",",,X","0.0",",,X","0.0",",,X","57",",,X","52",",,X","  130",",,X","23.0",",,X",,,,,,,,,,,,,"    1",",,X"
"USW00023239","ALAMEDA NAS, CA US","37.78333","-122.31667","9.1","1996-12-29","14.54",",,X"," 1355",",,X","0.46",",,X","0.0",",,X","0.0",",,X","59",",,X","53",",,X","  120",",,X","32.2",",,X","    1",",,X",,,,,,,,,,,"    1",",,X"
"USW00023239","ALAMEDA NAS, CA US","37.78333","-122.31667","9.1","1996-12-30","14.09",",,X"," 1955",",,X","0.13",",,X","0.0",",,X","0.0",",,X","59",",,X","56",",,X","  150",",,X","30.0",",,X","    1",",,X",,,,,,,,,,,"    1",",,X"
"USW00023239","ALAMEDA NAS, CA US","37.78333","-122.31667","9.1","1996-12-31","13.20",",,X"," 2054",",,X","0.20",",,X","0.0",",,X","0.0",",,X","64",",,X","57",",,X","  120",",,X","38.0",",,X","    1",",,X",,,,,,,,,,,"    1",",,X"
